{"oElements":{"0":{"sClass":"InputPort","bIsMovable":true,"nX":230,"nY":20},"1":{"sClass":"InputPort","bIsMovable":true,"nX":230,"nY":40},"2":{"sClass":"InputPort","bIsMovable":true,"nX":230,"nY":70},"3":{"sClass":"InputPort","bIsMovable":true,"nX":230,"nY":110},"4":{"sClass":"InputPort","bIsMovable":true,"nX":230,"nY":150},"5":{"sClass":"InputPort","bIsMovable":true,"nX":230,"nY":230},"6":{"sClass":"InputPort","bIsMovable":true,"nX":230,"nY":280},"7":{"sClass":"InputPort","bIsMovable":true,"nX":230,"nY":330},"8":{"sClass":"InputPort","bIsMovable":true,"nX":260,"nY":370},"9":{"nParent":7,"sClass":"NameText","bIsMovable":true,"nX":0,"nY":-10,"sText":"y"},"10":{"nParent":6,"sClass":"NameText","bIsMovable":true,"nX":0,"nY":-10,"sText":"zy"},"11":{"nParent":5,"sClass":"NameText","bIsMovable":true,"nX":0,"nY":-10,"sText":"ny"},"12":{"nParent":4,"sClass":"NameText","bIsMovable":true,"nX":0,"nY":-10,"sText":"x"},"13":{"nParent":3,"sClass":"NameText","bIsMovable":true,"nX":0,"nY":-10,"sText":"zx"},"14":{"nParent":2,"sClass":"NameText","bIsMovable":true,"nX":0,"nY":-10,"sText":"nx"},"15":{"nParent":1,"sClass":"NameText","bIsMovable":true,"nX":0,"nY":-10,"sText":"f"},"16":{"nParent":0,"sClass":"NameText","bIsMovable":true,"nX":0,"nY":-10,"sText":"no"},"17":{"nParent":23,"sClass":"ViewPath","bIsMovable":false,"nX":0,"nY":0,"sPath":"M0,20h10v-10l20,7v-17v17l20,7v16h10h-10v16l-40,14v-10h-10h10v-40z"},"18":{"nParent":23,"sClass":"InputPort","bIsMovable":false,"nX":0,"nY":20},"19":{"nParent":23,"sClass":"InputPort","bIsMovable":false,"nX":0,"nY":60},"20":{"nParent":23,"sClass":"InputPort","bIsMovable":false,"nX":30,"nY":0},"21":{"nParent":23,"sClass":"OutputPort","bIsMovable":false,"nX":60,"nY":40},"22":{"nParent":23,"sClass":"NameText","bIsMovable":false,"nX":30,"nY":40,"sText":"Mux16"},"23":{"sClass":"MuxChip","aElements":[17,18,19,20,21,22],"nX":320,"nY":310},"24":{"sClass":"WireLine","nPoint1":7,"nPoint2":18},"25":{"sClass":"WireLine","nPoint1":8,"nPoint2":19},"26":{"sClass":"WirePoint","bIsMovable":true,"nX":350,"nY":280},"27":{"sClass":"WireLine","nPoint1":6,"nPoint2":26},"28":{"sClass":"WireLine","nPoint1":26,"nPoint2":20},"29":{"sClass":"WirePoint","bIsMovable":true,"nX":400,"nY":350},"30":{"sClass":"WireLine","nPoint1":21,"nPoint2":29},"31":{"sClass":"WirePoint","bIsMovable":true,"nX":400,"nY":360},"32":{"sClass":"WireLine","nPoint1":29,"nPoint2":31},"33":{"nParent":39,"sClass":"ViewPath","bIsMovable":false,"nX":0,"nY":0,"sPath":"M0,20h10v-10l20,7v-17v17l20,7v16h10h-10v16l-40,14v-10h-10h10v-40z"},"34":{"nParent":39,"sClass":"InputPort","bIsMovable":false,"nX":0,"nY":20},"35":{"nParent":39,"sClass":"InputPort","bIsMovable":false,"nX":0,"nY":60},"36":{"nParent":39,"sClass":"InputPort","bIsMovable":false,"nX":30,"nY":0},"37":{"nParent":39,"sClass":"OutputPort","bIsMovable":false,"nX":60,"nY":40},"38":{"nParent":39,"sClass":"NameText","bIsMovable":false,"nX":30,"nY":40,"sText":"Mux16"},"39":{"sClass":"MuxChip","aElements":[33,34,35,36,37,38],"nX":520,"nY":300},"40":{"nParent":44,"sClass":"ViewPath","bIsMovable":false,"nX":0,"nY":0,"sPath":"M0,30h10v-30l50,30a5,5,0,0,0,10,0h10h-10a5,5,0,0,0,-10,0l-50,30v-30z"},"41":{"nParent":44,"sClass":"InputPort","bIsMovable":false,"nX":0,"nY":30},"42":{"nParent":44,"sClass":"OutputPort","bIsMovable":false,"nX":80,"nY":30},"43":{"nParent":44,"sClass":"NameText","bIsMovable":false,"nX":30,"nY":30,"sText":"Not16"},"44":{"sClass":"NotChip","aElements":[40,41,42,43],"nX":420,"nY":290},"45":{"sClass":"WireLine","nPoint1":31,"nPoint2":35},"46":{"sClass":"WirePoint","bIsMovable":true,"nX":400,"nY":320},"47":{"sClass":"WireLine","nPoint1":29,"nPoint2":46},"48":{"sClass":"WireLine","nPoint1":46,"nPoint2":41},"49":{"sClass":"WireLine","nPoint1":42,"nPoint2":34},"56":{"sClass":"WirePoint","bIsMovable":true,"nX":550,"nY":230},"57":{"sClass":"WireLine","nPoint1":5,"nPoint2":56},"58":{"sClass":"WireLine","nPoint1":56,"nPoint2":36},"59":{"nParent":8,"sClass":"NameText","bIsMovable":true,"nX":0,"nY":-10,"sText":"false"},"64":{"nParent":69,"sClass":"ViewPath","bIsMovable":false,"nX":0,"nY":0,"sPath":"M0,10h10v-10h30q30,0,30,30h10h-10q0,30,-30,30h-30v-10h-10h10v-40z"},"65":{"nParent":69,"sClass":"InputPort","bIsMovable":false,"nX":0,"nY":10},"66":{"nParent":69,"sClass":"InputPort","bIsMovable":false,"nX":0,"nY":50},"67":{"nParent":69,"sClass":"OutputPort","bIsMovable":false,"nX":80,"nY":30},"68":{"nParent":69,"sClass":"NameText","bIsMovable":false,"nX":40,"nY":30,"sText":"And16"},"69":{"sClass":"AndChip","aElements":[64,65,66,67,68],"nX":700,"nY":270},"70":{"sClass":"WirePoint","bIsMovable":true,"nX":650,"nY":320},"71":{"sClass":"WireLine","nPoint1":66,"nPoint2":70},"72":{"sClass":"WirePoint","bIsMovable":true,"nX":650,"nY":340},"73":{"sClass":"WireLine","nPoint1":70,"nPoint2":72},"74":{"sClass":"WireLine","nPoint1":72,"nPoint2":37},"75":{"sClass":"InputPort","bIsMovable":true,"nX":260,"nY":190},"76":{"nParent":82,"sClass":"ViewPath","bIsMovable":false,"nX":0,"nY":0,"sPath":"M0,20h10v-10l20,7v-17v17l20,7v16h10h-10v16l-40,14v-10h-10h10v-40z"},"77":{"nParent":82,"sClass":"InputPort","bIsMovable":false,"nX":0,"nY":20},"78":{"nParent":82,"sClass":"InputPort","bIsMovable":false,"nX":0,"nY":60},"79":{"nParent":82,"sClass":"InputPort","bIsMovable":false,"nX":30,"nY":0},"80":{"nParent":82,"sClass":"OutputPort","bIsMovable":false,"nX":60,"nY":40},"81":{"nParent":82,"sClass":"NameText","bIsMovable":false,"nX":30,"nY":40,"sText":"Mux16"},"82":{"sClass":"MuxChip","aElements":[76,77,78,79,80,81],"nX":320,"nY":130},"83":{"sClass":"WireLine","nPoint1":4,"nPoint2":77},"84":{"sClass":"WireLine","nPoint1":75,"nPoint2":78},"85":{"sClass":"WirePoint","bIsMovable":true,"nX":350,"nY":110},"86":{"sClass":"WireLine","nPoint1":3,"nPoint2":85},"87":{"sClass":"WireLine","nPoint1":85,"nPoint2":79},"88":{"sClass":"WirePoint","bIsMovable":true,"nX":400,"nY":170},"89":{"sClass":"WireLine","nPoint1":80,"nPoint2":88},"90":{"sClass":"WirePoint","bIsMovable":true,"nX":400,"nY":180},"91":{"sClass":"WireLine","nPoint1":88,"nPoint2":90},"92":{"nParent":98,"sClass":"ViewPath","bIsMovable":false,"nX":0,"nY":0,"sPath":"M0,20h10v-10l20,7v-17v17l20,7v16h10h-10v16l-40,14v-10h-10h10v-40z"},"93":{"nParent":98,"sClass":"InputPort","bIsMovable":false,"nX":0,"nY":20},"94":{"nParent":98,"sClass":"InputPort","bIsMovable":false,"nX":0,"nY":60},"95":{"nParent":98,"sClass":"InputPort","bIsMovable":false,"nX":30,"nY":0},"96":{"nParent":98,"sClass":"OutputPort","bIsMovable":false,"nX":60,"nY":40},"97":{"nParent":98,"sClass":"NameText","bIsMovable":false,"nX":30,"nY":40,"sText":"Mux16"},"98":{"sClass":"MuxChip","aElements":[92,93,94,95,96,97],"nX":520,"nY":120},"99":{"sClass":"WireLine","nPoint1":90,"nPoint2":94},"100":{"nParent":104,"sClass":"ViewPath","bIsMovable":false,"nX":0,"nY":0,"sPath":"M0,30h10v-30l50,30a5,5,0,0,0,10,0h10h-10a5,5,0,0,0,-10,0l-50,30v-30z"},"101":{"nParent":104,"sClass":"InputPort","bIsMovable":false,"nX":0,"nY":30},"102":{"nParent":104,"sClass":"OutputPort","bIsMovable":false,"nX":80,"nY":30},"103":{"nParent":104,"sClass":"NameText","bIsMovable":false,"nX":30,"nY":30,"sText":"Not16"},"104":{"sClass":"NotChip","aElements":[100,101,102,103],"nX":420,"nY":110},"105":{"sClass":"WirePoint","bIsMovable":true,"nX":400,"nY":140},"106":{"sClass":"WireLine","nPoint1":88,"nPoint2":105},"107":{"sClass":"WireLine","nPoint1":105,"nPoint2":101},"108":{"sClass":"WireLine","nPoint1":102,"nPoint2":93},"109":{"sClass":"WirePoint","bIsMovable":true,"nX":550,"nY":70},"110":{"sClass":"WireLine","nPoint1":2,"nPoint2":109},"111":{"sClass":"WireLine","nPoint1":109,"nPoint2":95},"116":{"sClass":"WirePoint","bIsMovable":true,"nX":620,"nY":160},"117":{"sClass":"WireLine","nPoint1":96,"nPoint2":116},"118":{"sClass":"WirePoint","bIsMovable":true,"nX":620,"nY":280},"120":{"sClass":"WireLine","nPoint1":118,"nPoint2":65},"121":{"sClass":"WirePoint","bIsMovable":true,"nX":620,"nY":180},"122":{"sClass":"WireLine","nPoint1":116,"nPoint2":121},"123":{"sClass":"WireLine","nPoint1":121,"nPoint2":118},"124":{"sClass":"WirePoint","bIsMovable":true,"nX":700,"nY":180},"125":{"sClass":"WireLine","nPoint1":121,"nPoint2":124},"126":{"sClass":"WirePoint","bIsMovable":true,"nX":700,"nY":210},"127":{"sClass":"WireLine","nPoint1":124,"nPoint2":126},"128":{"sClass":"WirePoint","bIsMovable":true,"nX":650,"nY":210},"129":{"sClass":"WireLine","nPoint1":126,"nPoint2":128},"130":{"sClass":"WireLine","nPoint1":128,"nPoint2":70},"131":{"sClass":"WirePoint","bIsMovable":true,"nX":700,"nY":230},"132":{"sClass":"WireLine","nPoint1":126,"nPoint2":131},"133":{"sClass":"WirePoint","bIsMovable":true,"nX":760,"nY":230},"134":{"sClass":"WireLine","nPoint1":131,"nPoint2":133},"135":{"sClass":"WirePoint","bIsMovable":true,"nX":760,"nY":150},"137":{"sClass":"WirePoint","bIsMovable":true,"nX":700,"nY":150},"138":{"sClass":"WireLine","nPoint1":135,"nPoint2":137},"139":{"sClass":"WireLine","nPoint1":137,"nPoint2":124},"140":{"nParent":134,"sClass":"NameText","bIsMovable":true,"nX":25,"nY":-35,"sText":"ADD16"},"141":{"sClass":"WirePoint","bIsMovable":true,"nX":760,"nY":190},"142":{"sClass":"WireLine","nPoint1":133,"nPoint2":141},"143":{"sClass":"WireLine","nPoint1":141,"nPoint2":135},"144":{"sClass":"WirePoint","bIsMovable":true,"nX":780,"nY":190},"145":{"sClass":"WireLine","nPoint1":141,"nPoint2":144},"146":{"sClass":"WirePoint","bIsMovable":true,"nX":840,"nY":190},"147":{"sClass":"WireLine","nPoint1":144,"nPoint2":146},"152":{"sClass":"WirePoint","bIsMovable":true,"nX":840,"nY":220},"153":{"sClass":"WireLine","nPoint1":152,"nPoint2":146},"154":{"sClass":"WirePoint","bIsMovable":true,"nX":840,"nY":300},"155":{"sClass":"WireLine","nPoint1":67,"nPoint2":154},"156":{"sClass":"WirePoint","bIsMovable":true,"nX":840,"nY":260},"157":{"sClass":"WireLine","nPoint1":154,"nPoint2":156},"158":{"nParent":164,"sClass":"ViewPath","bIsMovable":false,"nX":0,"nY":0,"sPath":"M0,20h10v-10l20,7v-17v17l20,7v16h10h-10v16l-40,14v-10h-10h10v-40z"},"159":{"nParent":164,"sClass":"InputPort","bIsMovable":false,"nX":0,"nY":20},"160":{"nParent":164,"sClass":"InputPort","bIsMovable":false,"nX":0,"nY":60},"161":{"nParent":164,"sClass":"InputPort","bIsMovable":false,"nX":30,"nY":0},"162":{"nParent":164,"sClass":"OutputPort","bIsMovable":false,"nX":60,"nY":40},"163":{"nParent":164,"sClass":"NameText","bIsMovable":false,"nX":30,"nY":40,"sText":"Mux16"},"164":{"sClass":"MuxChip","aElements":[158,159,160,161,162,163],"nX":880,"nY":200},"165":{"sClass":"WireLine","nPoint1":156,"nPoint2":160},"166":{"sClass":"WirePoint","bIsMovable":true,"nX":840,"nY":220},"167":{"sClass":"WireLine","nPoint1":166,"nPoint2":159},"171":{"sClass":"WirePoint","bIsMovable":true,"nX":910,"nY":40},"172":{"sClass":"WireLine","nPoint1":1,"nPoint2":171},"173":{"sClass":"WireLine","nPoint1":171,"nPoint2":161},"174":{"sClass":"WirePoint","bIsMovable":true,"nX":970,"nY":240},"175":{"sClass":"WireLine","nPoint1":162,"nPoint2":174},"176":{"sClass":"WirePoint","bIsMovable":true,"nX":970,"nY":250},"177":{"sClass":"WireLine","nPoint1":174,"nPoint2":176},"180":{"nParent":184,"sClass":"ViewPath","bIsMovable":false,"nX":0,"nY":0,"sPath":"M0,30h10v-30l50,30a5,5,0,0,0,10,0h10h-10a5,5,0,0,0,-10,0l-50,30v-30z"},"181":{"nParent":184,"sClass":"InputPort","bIsMovable":false,"nX":0,"nY":30},"182":{"nParent":184,"sClass":"OutputPort","bIsMovable":false,"nX":80,"nY":30},"183":{"nParent":184,"sClass":"NameText","bIsMovable":false,"nX":30,"nY":30,"sText":"Not16"},"184":{"sClass":"NotChip","aElements":[180,181,182,183],"nX":980,"nY":180},"185":{"sClass":"WirePoint","bIsMovable":true,"nX":970,"nY":210},"186":{"sClass":"WireLine","nPoint1":174,"nPoint2":185},"187":{"sClass":"WireLine","nPoint1":185,"nPoint2":181},"188":{"nParent":194,"sClass":"ViewPath","bIsMovable":false,"nX":0,"nY":0,"sPath":"M0,20h10v-10l20,7v-17v17l20,7v16h10h-10v16l-40,14v-10h-10h10v-40z"},"189":{"nParent":194,"sClass":"InputPort","bIsMovable":false,"nX":0,"nY":20},"190":{"nParent":194,"sClass":"InputPort","bIsMovable":false,"nX":0,"nY":60},"191":{"nParent":194,"sClass":"InputPort","bIsMovable":false,"nX":30,"nY":0},"192":{"nParent":194,"sClass":"OutputPort","bIsMovable":false,"nX":60,"nY":40},"193":{"nParent":194,"sClass":"NameText","bIsMovable":false,"nX":30,"nY":40,"sText":"Mux16"},"194":{"sClass":"MuxChip","aElements":[188,189,190,191,192,193],"nX":1080,"nY":190},"195":{"sClass":"WireLine","nPoint1":176,"nPoint2":190},"196":{"sClass":"WireLine","nPoint1":182,"nPoint2":189},"197":{"sClass":"WirePoint","bIsMovable":true,"nX":1110,"nY":20},"198":{"sClass":"WireLine","nPoint1":0,"nPoint2":197},"199":{"sClass":"WireLine","nPoint1":197,"nPoint2":191},"200":{"nParent":75,"sClass":"NameText","bIsMovable":true,"nX":0,"nY":-10,"sText":"false"},"201":{"sClass":"WirePoint","bIsMovable":true,"nX":1160,"nY":230},"202":{"sClass":"WireLine","nPoint1":192,"nPoint2":201},"205":{"nParent":210,"sClass":"ViewPath","bIsMovable":false,"nX":0,"nY":0,"sPath":"M0,10h15M0,50h15M20,30q0,-15,-10,-30q40,0,60,30h10h-10q-20,30,-60,30q10,-15,10,-30z"},"206":{"nParent":210,"sClass":"InputPort","bIsMovable":false,"nX":0,"nY":10},"207":{"nParent":210,"sClass":"InputPort","bIsMovable":false,"nX":0,"nY":50},"208":{"nParent":210,"sClass":"OutputPort","bIsMovable":false,"nX":80,"nY":30},"209":{"nParent":210,"sClass":"NameText","bIsMovable":false,"nX":40,"nY":30,"sText":"Or16"},"210":{"sClass":"OrChip","aElements":[205,206,207,208,209],"nX":1220,"nY":260},"211":{"nParent":215,"sClass":"ViewPath","bIsMovable":false,"nX":0,"nY":0,"sPath":"M0,30h10v-30l50,30a5,5,0,0,0,10,0h10h-10a5,5,0,0,0,-10,0l-50,30v-30z"},"212":{"nParent":215,"sClass":"InputPort","bIsMovable":false,"nX":0,"nY":30},"213":{"nParent":215,"sClass":"OutputPort","bIsMovable":false,"nX":80,"nY":30},"214":{"nParent":215,"sClass":"NameText","bIsMovable":false,"nX":30,"nY":30,"sText":"Not"},"215":{"sClass":"NotChip","aElements":[211,212,213,214],"nX":1300,"nY":90},"216":{"nParent":221,"sClass":"ViewPath","bIsMovable":false,"nX":0,"nY":0,"sPath":"M0,10h10v-10h30q30,0,30,30h10h-10q0,30,-30,30h-30v-10h-10h10v-40z"},"217":{"nParent":221,"sClass":"InputPort","bIsMovable":false,"nX":0,"nY":10},"218":{"nParent":221,"sClass":"InputPort","bIsMovable":false,"nX":0,"nY":50},"219":{"nParent":221,"sClass":"OutputPort","bIsMovable":false,"nX":80,"nY":30},"220":{"nParent":221,"sClass":"NameText","bIsMovable":false,"nX":40,"nY":30,"sText":"And16"},"221":{"sClass":"AndChip","aElements":[216,217,218,219,220],"nX":1220,"nY":180},"223":{"sClass":"InputPort","bIsMovable":true,"nX":1140,"nY":310},"225":{"nParent":223,"sClass":"NameText","bIsMovable":true,"nX":0,"nY":-10,"sText":"false"},"226":{"sClass":"InputPort","bIsMovable":true,"nX":1180,"nY":190},"227":{"nParent":226,"sClass":"NameText","bIsMovable":true,"nX":0,"nY":-10,"sText":"true"},"228":{"sClass":"WirePoint","bIsMovable":true,"nX":1160,"nY":270},"229":{"sClass":"WireLine","nPoint1":201,"nPoint2":228},"230":{"sClass":"WireLine","nPoint1":228,"nPoint2":206},"231":{"sClass":"WireLine","nPoint1":223,"nPoint2":207},"232":{"sClass":"WireLine","nPoint1":201,"nPoint2":218},"233":{"sClass":"WireLine","nPoint1":226,"nPoint2":217},"234":{"sClass":"WirePoint","bIsMovable":true,"nX":1160,"nY":120},"235":{"sClass":"WireLine","nPoint1":201,"nPoint2":234},"238":{"sClass":"WirePoint","bIsMovable":true,"nX":1220,"nY":120},"239":{"sClass":"WireLine","nPoint1":234,"nPoint2":238},"240":{"sClass":"WirePoint","bIsMovable":true,"nX":1220,"nY":80},"241":{"sClass":"WireLine","nPoint1":238,"nPoint2":240},"242":{"sClass":"WirePoint","bIsMovable":true,"nX":1280,"nY":80},"243":{"sClass":"WireLine","nPoint1":240,"nPoint2":242},"244":{"sClass":"WirePoint","bIsMovable":true,"nX":1280,"nY":120},"245":{"sClass":"WireLine","nPoint1":242,"nPoint2":244},"246":{"sClass":"WirePoint","bIsMovable":true,"nX":1280,"nY":160},"247":{"sClass":"WireLine","nPoint1":244,"nPoint2":246},"248":{"sClass":"WirePoint","bIsMovable":true,"nX":1220,"nY":160},"249":{"sClass":"WireLine","nPoint1":246,"nPoint2":248},"250":{"sClass":"WireLine","nPoint1":248,"nPoint2":238},"251":{"nParent":249,"sClass":"NameText","bIsMovable":true,"nX":-30,"nY":-40,"sText":"Or16Way"},"252":{"sClass":"WireLine","nPoint1":244,"nPoint2":212},"253":{"sClass":"OutputPort","bIsMovable":true,"nX":1460,"nY":120},"254":{"sClass":"OutputPort","bIsMovable":true,"nX":1460,"nY":180},"255":{"sClass":"OutputPort","bIsMovable":true,"nX":1460,"nY":290},"256":{"sClass":"WireLine","nPoint1":213,"nPoint2":253},"258":{"sClass":"WireLine","nPoint1":208,"nPoint2":255},"259":{"nParent":253,"sClass":"NameText","bIsMovable":true,"nX":0,"nY":-10,"sText":"zr"},"260":{"nParent":254,"sClass":"NameText","bIsMovable":true,"nX":0,"nY":-10,"sText":"ng"},"261":{"nParent":255,"sClass":"NameText","bIsMovable":true,"nX":0,"nY":-10,"sText":"out"},"262":{"sClass":"ChipNameText","bIsMovable":true,"nX":680,"nY":80,"sText":"ALU"},"263":{"nParent":265,"sClass":"ViewPath","bIsMovable":false,"nX":0,"nY":0,"sPath":"M-2,5l4,-10"},"264":{"nParent":265,"sClass":"NameText","bIsMovable":false,"nX":5,"nY":-10,"sText":"16"},"265":{"nParent":83,"sClass":"BitWidth","aElements":[263,264],"nPos":40},"266":{"nParent":268,"sClass":"ViewPath","bIsMovable":false,"nX":0,"nY":0,"sPath":"M-2,5l4,-10"},"267":{"nParent":268,"sClass":"NameText","bIsMovable":false,"nX":5,"nY":-10,"sText":"16"},"268":{"nParent":24,"sClass":"BitWidth","aElements":[266,267],"nPos":25},"269":{"nParent":271,"sClass":"ViewPath","bIsMovable":false,"nX":0,"nY":0,"sPath":"M-2,5l4,-10"},"270":{"nParent":271,"sClass":"NameText","bIsMovable":false,"nX":5,"nY":-10,"sText":"1"},"271":{"nParent":198,"sClass":"BitWidth","aElements":[269,270],"nPos":100},"272":{"nParent":274,"sClass":"ViewPath","bIsMovable":false,"nX":0,"nY":0,"sPath":"M-2,5l4,-10"},"273":{"nParent":274,"sClass":"NameText","bIsMovable":false,"nX":5,"nY":-10,"sText":"1"},"274":{"nParent":172,"sClass":"BitWidth","aElements":[272,273],"nPos":85},"275":{"nParent":277,"sClass":"ViewPath","bIsMovable":false,"nX":0,"nY":0,"sPath":"M-2,5l4,-10"},"276":{"nParent":277,"sClass":"NameText","bIsMovable":false,"nX":5,"nY":-10,"sText":"1"},"277":{"nParent":110,"sClass":"BitWidth","aElements":[275,276],"nPos":75},"278":{"nParent":280,"sClass":"ViewPath","bIsMovable":false,"nX":0,"nY":0,"sPath":"M-2,5l4,-10"},"279":{"nParent":280,"sClass":"NameText","bIsMovable":false,"nX":5,"nY":-10,"sText":"1"},"280":{"nParent":86,"sClass":"BitWidth","aElements":[278,279],"nPos":55},"281":{"nParent":283,"sClass":"ViewPath","bIsMovable":false,"nX":0,"nY":0,"sPath":"M-2,5l4,-10"},"282":{"nParent":283,"sClass":"NameText","bIsMovable":false,"nX":5,"nY":-10,"sText":"1"},"283":{"nParent":57,"sClass":"BitWidth","aElements":[281,282],"nPos":35},"284":{"nParent":286,"sClass":"ViewPath","bIsMovable":false,"nX":0,"nY":0,"sPath":"M-2,5l4,-10"},"285":{"nParent":286,"sClass":"NameText","bIsMovable":false,"nX":5,"nY":-10,"sText":"1"},"286":{"nParent":27,"sClass":"BitWidth","aElements":[284,285],"nPos":30},"287":{"nParent":289,"sClass":"ViewPath","bIsMovable":false,"nX":0,"nY":0,"sPath":"M-2,5l4,-10"},"288":{"nParent":289,"sClass":"NameText","bIsMovable":false,"nX":5,"nY":-10,"sText":"16"},"289":{"nParent":25,"sClass":"BitWidth","aElements":[287,288],"nPos":25},"290":{"nParent":292,"sClass":"ViewPath","bIsMovable":false,"nX":0,"nY":0,"sPath":"M-2,5l4,-10"},"291":{"nParent":292,"sClass":"NameText","bIsMovable":false,"nX":5,"nY":-10,"sText":"16"},"292":{"nParent":84,"sClass":"BitWidth","aElements":[290,291],"nPos":25},"293":{"nParent":295,"sClass":"ViewPath","bIsMovable":false,"nX":0,"nY":0,"sPath":"M-2,5l4,-10"},"294":{"nParent":295,"sClass":"NameText","bIsMovable":false,"nX":5,"nY":-10,"sText":"16"},"295":{"nParent":89,"sClass":"BitWidth","aElements":[293,294],"nPos":10},"296":{"nParent":298,"sClass":"ViewPath","bIsMovable":false,"nX":0,"nY":0,"sPath":"M-2,5l4,-10"},"297":{"nParent":298,"sClass":"NameText","bIsMovable":false,"nX":5,"nY":-10,"sText":"16"},"298":{"nParent":30,"sClass":"BitWidth","aElements":[296,297],"nPos":5},"299":{"nParent":301,"sClass":"ViewPath","bIsMovable":false,"nX":0,"nY":0,"sPath":"M-2,5l4,-10"},"300":{"nParent":301,"sClass":"NameText","bIsMovable":false,"nX":5,"nY":-10,"sText":"16"},"301":{"nParent":107,"sClass":"BitWidth","aElements":[299,300],"nPos":10},"302":{"nParent":304,"sClass":"ViewPath","bIsMovable":false,"nX":0,"nY":0,"sPath":"M-2,5l4,-10"},"303":{"nParent":304,"sClass":"NameText","bIsMovable":false,"nX":5,"nY":-10,"sText":"16"},"304":{"nParent":99,"sClass":"BitWidth","aElements":[302,303],"nPos":15},"305":{"nParent":307,"sClass":"ViewPath","bIsMovable":false,"nX":0,"nY":0,"sPath":"M-2,5l4,-10"},"306":{"nParent":307,"sClass":"NameText","bIsMovable":false,"nX":5,"nY":-10,"sText":"16"},"307":{"nParent":117,"sClass":"BitWidth","aElements":[305,306],"nPos":20},"308":{"nParent":310,"sClass":"ViewPath","bIsMovable":false,"nX":0,"nY":0,"sPath":"M-2,5l4,-10"},"309":{"nParent":310,"sClass":"NameText","bIsMovable":false,"nX":5,"nY":-10,"sText":"16"},"310":{"nParent":74,"sClass":"BitWidth","aElements":[308,309],"nPos":50},"311":{"nParent":313,"sClass":"ViewPath","bIsMovable":false,"nX":0,"nY":0,"sPath":"M-2,5l4,-10"},"312":{"nParent":313,"sClass":"NameText","bIsMovable":false,"nX":5,"nY":-10,"sText":"16"},"313":{"nParent":48,"sClass":"BitWidth","aElements":[311,312],"nPos":5},"314":{"nParent":316,"sClass":"ViewPath","bIsMovable":false,"nX":0,"nY":0,"sPath":"M-2,5l4,-10"},"315":{"nParent":316,"sClass":"NameText","bIsMovable":false,"nX":5,"nY":-10,"sText":"16"},"316":{"nParent":45,"sClass":"BitWidth","aElements":[314,315],"nPos":10},"317":{"nParent":319,"sClass":"ViewPath","bIsMovable":false,"nX":0,"nY":0,"sPath":"M-2,5l4,-10"},"318":{"nParent":319,"sClass":"NameText","bIsMovable":false,"nX":5,"nY":-10,"sText":"16"},"319":{"nParent":125,"sClass":"BitWidth","aElements":[317,318],"nPos":15},"320":{"nParent":322,"sClass":"ViewPath","bIsMovable":false,"nX":0,"nY":0,"sPath":"M-2,5l4,-10"},"321":{"nParent":322,"sClass":"NameText","bIsMovable":false,"nX":5,"nY":-10,"sText":"16"},"322":{"nParent":120,"sClass":"BitWidth","aElements":[320,321],"nPos":15},"323":{"nParent":325,"sClass":"ViewPath","bIsMovable":false,"nX":0,"nY":0,"sPath":"M-2,5l4,-10"},"324":{"nParent":325,"sClass":"NameText","bIsMovable":false,"nX":5,"nY":-10,"sText":"16"},"325":{"nParent":71,"sClass":"BitWidth","aElements":[323,324],"nPos":40},"326":{"nParent":328,"sClass":"ViewPath","bIsMovable":false,"nX":0,"nY":0,"sPath":"M-2,5l4,-10"},"327":{"nParent":328,"sClass":"NameText","bIsMovable":false,"nX":5,"nY":-10,"sText":"16"},"328":{"nParent":129,"sClass":"BitWidth","aElements":[326,327],"nPos":35},"329":{"nParent":331,"sClass":"ViewPath","bIsMovable":false,"nX":0,"nY":0,"sPath":"M-2,5l4,-10"},"330":{"nParent":331,"sClass":"NameText","bIsMovable":false,"nX":5,"nY":-10,"sText":"16"},"331":{"nParent":147,"sClass":"BitWidth","aElements":[329,330],"nPos":20},"332":{"nParent":334,"sClass":"ViewPath","bIsMovable":false,"nX":0,"nY":0,"sPath":"M-2,5l4,-10"},"333":{"nParent":334,"sClass":"NameText","bIsMovable":false,"nX":5,"nY":-10,"sText":"16"},"334":{"nParent":155,"sClass":"BitWidth","aElements":[332,333],"nPos":20},"335":{"nParent":337,"sClass":"ViewPath","bIsMovable":false,"nX":0,"nY":0,"sPath":"M-2,5l4,-10"},"336":{"nParent":337,"sClass":"NameText","bIsMovable":false,"nX":5,"nY":-10,"sText":"16"},"337":{"nParent":175,"sClass":"BitWidth","aElements":[335,336],"nPos":10},"338":{"nParent":340,"sClass":"ViewPath","bIsMovable":false,"nX":0,"nY":0,"sPath":"M-2,5l4,-10"},"339":{"nParent":340,"sClass":"NameText","bIsMovable":false,"nX":5,"nY":-10,"sText":"16"},"340":{"nParent":187,"sClass":"BitWidth","aElements":[338,339],"nPos":5},"341":{"nParent":343,"sClass":"ViewPath","bIsMovable":false,"nX":0,"nY":0,"sPath":"M-2,5l4,-10"},"342":{"nParent":343,"sClass":"NameText","bIsMovable":false,"nX":5,"nY":-10,"sText":"16"},"343":{"nParent":195,"sClass":"BitWidth","aElements":[341,342],"nPos":10},"344":{"nParent":346,"sClass":"ViewPath","bIsMovable":false,"nX":0,"nY":0,"sPath":"M-2,5l4,-10"},"345":{"nParent":346,"sClass":"NameText","bIsMovable":false,"nX":5,"nY":-10,"sText":"16"},"346":{"nParent":202,"sClass":"BitWidth","aElements":[344,345],"nPos":10},"347":{"nParent":349,"sClass":"ViewPath","bIsMovable":false,"nX":0,"nY":0,"sPath":"M-2,5l4,-10"},"348":{"nParent":349,"sClass":"NameText","bIsMovable":false,"nX":5,"nY":-10,"sText":"16"},"349":{"nParent":239,"sClass":"BitWidth","aElements":[347,348],"nPos":15},"350":{"nParent":352,"sClass":"ViewPath","bIsMovable":false,"nX":0,"nY":0,"sPath":"M-2,5l4,-10"},"351":{"nParent":352,"sClass":"NameText","bIsMovable":false,"nX":5,"nY":-10,"sText":"1"},"352":{"nParent":252,"sClass":"BitWidth","aElements":[350,351],"nPos":10},"353":{"nParent":355,"sClass":"ViewPath","bIsMovable":false,"nX":0,"nY":0,"sPath":"M-2,5l4,-10"},"354":{"nParent":355,"sClass":"NameText","bIsMovable":false,"nX":5,"nY":-10,"sText":"1"},"355":{"nParent":256,"sClass":"BitWidth","aElements":[353,354],"nPos":40},"356":{"nParent":358,"sClass":"ViewPath","bIsMovable":false,"nX":0,"nY":0,"sPath":"M-2,5l4,-10"},"357":{"nParent":358,"sClass":"NameText","bIsMovable":false,"nX":5,"nY":-10,"sText":"16"},"358":{"nParent":233,"sClass":"BitWidth","aElements":[356,357],"nPos":20},"359":{"sClass":"WirePoint","bIsMovable":true,"nX":1350,"nY":210},"360":{"sClass":"WireLine","nPoint1":219,"nPoint2":359},"361":{"sClass":"WirePoint","bIsMovable":true,"nX":1350,"nY":180},"362":{"sClass":"WireLine","nPoint1":359,"nPoint2":361},"363":{"sClass":"WireLine","nPoint1":361,"nPoint2":254},"367":{"sClass":"WirePoint","bIsMovable":true,"nX":1350,"nY":230},"368":{"sClass":"WireLine","nPoint1":359,"nPoint2":367},"369":{"sClass":"WirePoint","bIsMovable":true,"nX":1390,"nY":230},"370":{"sClass":"WireLine","nPoint1":367,"nPoint2":369},"371":{"nParent":373,"sClass":"ViewPath","bIsMovable":false,"nX":0,"nY":0,"sPath":"M-2,5l4,-10"},"372":{"nParent":373,"sClass":"NameText","bIsMovable":false,"nX":5,"nY":-10,"sText":"1"},"373":{"nParent":363,"sClass":"BitWidth","aElements":[371,372],"nPos":30},"374":{"nParent":376,"sClass":"ViewPath","bIsMovable":false,"nX":0,"nY":0,"sPath":"M-2,5l4,-10"},"375":{"nParent":376,"sClass":"NameText","bIsMovable":false,"nX":5,"nY":-10,"sText":"15"},"376":{"nParent":370,"sClass":"BitWidth","aElements":[374,375],"nPos":15},"377":{"nParent":370,"sClass":"NameText","bIsMovable":true,"nX":20,"nY":15,"sText":"out[0..14]"},"378":{"nParent":363,"sClass":"NameText","bIsMovable":true,"nX":35,"nY":15,"sText":"out[15]"},"379":{"nParent":381,"sClass":"ViewPath","bIsMovable":false,"nX":0,"nY":0,"sPath":"M-2,5l4,-10"},"380":{"nParent":381,"sClass":"NameText","bIsMovable":false,"nX":5,"nY":-10,"sText":"16"},"381":{"nParent":232,"sClass":"BitWidth","aElements":[379,380],"nPos":25},"382":{"nParent":384,"sClass":"ViewPath","bIsMovable":false,"nX":0,"nY":0,"sPath":"M-2,5l4,-10"},"383":{"nParent":384,"sClass":"NameText","bIsMovable":false,"nX":5,"nY":-10,"sText":"16"},"384":{"nParent":230,"sClass":"BitWidth","aElements":[382,383],"nPos":20},"385":{"nParent":387,"sClass":"ViewPath","bIsMovable":false,"nX":0,"nY":0,"sPath":"M-2,5l4,-10"},"386":{"nParent":387,"sClass":"NameText","bIsMovable":false,"nX":5,"nY":-10,"sText":"16"},"387":{"nParent":231,"sClass":"BitWidth","aElements":[385,386],"nPos":35},"388":{"nParent":390,"sClass":"ViewPath","bIsMovable":false,"nX":0,"nY":0,"sPath":"M-2,5l4,-10"},"389":{"nParent":390,"sClass":"NameText","bIsMovable":false,"nX":5,"nY":-10,"sText":"16"},"390":{"nParent":258,"sClass":"BitWidth","aElements":[388,389],"nPos":50}},"aChips":[]}