{"oElements":{"10":{"sClass":"ChipNameText","bIsMovable":true,"nX":140,"nY":300,"sText":"Computer"},"19":{"sClass":"WirePoint","bIsMovable":true,"nX":50,"nY":360},"20":{"sClass":"WirePoint","bIsMovable":true,"nX":50,"nY":530},"22":{"sClass":"WirePoint","bIsMovable":true,"nX":230,"nY":530},"24":{"sClass":"WirePoint","bIsMovable":true,"nX":230,"nY":360},"27":{"sClass":"WireLine","nPoint1":24,"nPoint2":19},"29":{"sClass":"WirePoint","bIsMovable":true,"nX":350,"nY":360},"30":{"sClass":"WirePoint","bIsMovable":true,"nX":350,"nY":530},"32":{"sClass":"WirePoint","bIsMovable":true,"nX":460,"nY":530},"33":{"sClass":"WireLine","nPoint1":30,"nPoint2":32},"34":{"sClass":"WirePoint","bIsMovable":true,"nX":460,"nY":360},"35":{"sClass":"WirePoint","bIsMovable":true,"nX":460,"nY":530},"36":{"sClass":"WireLine","nPoint1":32,"nPoint2":35},"37":{"sClass":"WireLine","nPoint1":35,"nPoint2":34},"38":{"sClass":"WireLine","nPoint1":34,"nPoint2":29},"43":{"nParent":33,"sClass":"NameText","bIsMovable":true,"nX":55,"nY":-85,"sText":"Memory"},"44":{"sClass":"WirePoint","bIsMovable":true,"nX":350,"nY":390},"45":{"sClass":"WireLine","nPoint1":29,"nPoint2":44},"47":{"sClass":"WirePoint","bIsMovable":true,"nX":230,"nY":390},"49":{"sClass":"WireLine","nPoint1":47,"nPoint2":24},"50":{"sClass":"WireLine","nPoint1":44,"nPoint2":47},"51":{"sClass":"WirePoint","bIsMovable":true,"nX":350,"nY":410},"52":{"sClass":"WireLine","nPoint1":44,"nPoint2":51},"54":{"sClass":"WirePoint","bIsMovable":true,"nX":230,"nY":410},"55":{"sClass":"WireLine","nPoint1":47,"nPoint2":54},"56":{"sClass":"WireLine","nPoint1":54,"nPoint2":51},"57":{"sClass":"WirePoint","bIsMovable":true,"nX":350,"nY":490},"58":{"sClass":"WireLine","nPoint1":51,"nPoint2":57},"59":{"sClass":"WireLine","nPoint1":57,"nPoint2":30},"60":{"sClass":"WirePoint","bIsMovable":true,"nX":230,"nY":490},"61":{"sClass":"WireLine","nPoint1":22,"nPoint2":60},"62":{"sClass":"WireLine","nPoint1":60,"nPoint2":47},"63":{"sClass":"WireLine","nPoint1":57,"nPoint2":60},"84":{"nParent":63,"sClass":"NameText","bIsMovable":true,"nX":-140,"nY":0,"sText":"outM"},"85":{"nParent":56,"sClass":"NameText","bIsMovable":true,"nX":-30,"nY":0,"sText":"addressM"},"86":{"nParent":50,"sClass":"NameText","bIsMovable":true,"nX":-150,"nY":0,"sText":"writeM"},"91":{"sClass":"InputPort","bIsMovable":true,"nX":-100,"nY":390},"92":{"nParent":91,"sClass":"NameText","bIsMovable":true,"nX":0,"nY":-10,"sText":"reset"},"93":{"sClass":"WirePoint","bIsMovable":true,"nX":50,"nY":390},"94":{"sClass":"WireLine","nPoint1":19,"nPoint2":93},"96":{"sClass":"WireLine","nPoint1":91,"nPoint2":93},"97":{"nParent":99,"sClass":"ViewPath","bIsMovable":false,"nX":0,"nY":0,"sPath":"M-2,5l4,-10"},"98":{"nParent":99,"sClass":"NameText","bIsMovable":false,"nX":5,"nY":-10,"sText":"1"},"99":{"nParent":96,"sClass":"BitWidth","aElements":[97,98],"nPos":115},"100":{"nParent":102,"sClass":"ViewPath","bIsMovable":false,"nX":0,"nY":0,"sPath":"M-2,5l4,-10"},"101":{"nParent":102,"sClass":"NameText","bIsMovable":false,"nX":5,"nY":-10,"sText":"16"},"102":{"nParent":50,"sClass":"BitWidth","aElements":[100,101],"nPos":70},"103":{"nParent":105,"sClass":"ViewPath","bIsMovable":false,"nX":0,"nY":0,"sPath":"M-2,5l4,-10"},"104":{"nParent":105,"sClass":"NameText","bIsMovable":false,"nX":5,"nY":-10,"sText":"15"},"105":{"nParent":56,"sClass":"BitWidth","aElements":[103,104],"nPos":50},"106":{"nParent":108,"sClass":"ViewPath","bIsMovable":false,"nX":0,"nY":0,"sPath":"M-2,5l4,-10"},"107":{"nParent":108,"sClass":"NameText","bIsMovable":false,"nX":5,"nY":-10,"sText":"16"},"108":{"nParent":63,"sClass":"BitWidth","aElements":[106,107],"nPos":65},"109":{"sClass":"WirePoint","bIsMovable":true,"nX":-100,"nY":440},"110":{"sClass":"WirePoint","bIsMovable":true,"nX":-50,"nY":440},"111":{"sClass":"WireLine","nPoint1":109,"nPoint2":110},"112":{"sClass":"WirePoint","bIsMovable":true,"nX":-50,"nY":530},"114":{"sClass":"WirePoint","bIsMovable":true,"nX":-100,"nY":530},"115":{"sClass":"WireLine","nPoint1":112,"nPoint2":114},"116":{"sClass":"WireLine","nPoint1":114,"nPoint2":109},"117":{"nParent":115,"sClass":"NameText","bIsMovable":true,"nX":-25,"nY":-45,"sText":"ROM32K"},"118":{"sClass":"WirePoint","bIsMovable":true,"nX":-50,"nY":460},"119":{"sClass":"WireLine","nPoint1":110,"nPoint2":118},"121":{"sClass":"WirePoint","bIsMovable":true,"nX":50,"nY":460},"122":{"sClass":"WireLine","nPoint1":118,"nPoint2":121},"123":{"sClass":"WirePoint","bIsMovable":true,"nX":-50,"nY":500},"124":{"sClass":"WireLine","nPoint1":118,"nPoint2":123},"125":{"sClass":"WireLine","nPoint1":123,"nPoint2":112},"126":{"sClass":"WirePoint","bIsMovable":true,"nX":50,"nY":500},"127":{"sClass":"WireLine","nPoint1":93,"nPoint2":126},"128":{"sClass":"WireLine","nPoint1":126,"nPoint2":20},"129":{"sClass":"WireLine","nPoint1":123,"nPoint2":126},"130":{"sClass":"WireLine","nPoint1":20,"nPoint2":22},"131":{"nParent":130,"sClass":"NameText","bIsMovable":true,"nX":90,"nY":-90,"sText":"CPU"},"132":{"nParent":122,"sClass":"NameText","bIsMovable":true,"nX":140,"nY":0,"sText":"instruction"},"133":{"nParent":129,"sClass":"NameText","bIsMovable":true,"nX":25,"nY":-10,"sText":"address"},"134":{"nParent":136,"sClass":"ViewPath","bIsMovable":false,"nX":0,"nY":0,"sPath":"M-2,5l4,-10"},"135":{"nParent":136,"sClass":"NameText","bIsMovable":false,"nX":5,"nY":-10,"sText":"16"},"136":{"nParent":122,"sClass":"BitWidth","aElements":[134,135],"nPos":80},"137":{"nParent":139,"sClass":"ViewPath","bIsMovable":false,"nX":0,"nY":0,"sPath":"M-2,5l4,-10"},"138":{"nParent":139,"sClass":"NameText","bIsMovable":false,"nX":5,"nY":-10,"sText":"15"},"139":{"nParent":129,"sClass":"BitWidth","aElements":[137,138],"nPos":80},"140":{"nParent":59,"sClass":"NameText","bIsMovable":true,"nX":10,"nY":0,"sText":"in"},"141":{"nParent":52,"sClass":"NameText","bIsMovable":true,"nX":20,"nY":0,"sText":"load"},"142":{"nParent":45,"sClass":"NameText","bIsMovable":true,"nX":25,"nY":50,"sText":"address"},"143":{"nParent":128,"sClass":"NameText","bIsMovable":true,"nX":15,"nY":0,"sText":"pc"},"144":{"nParent":119,"sClass":"NameText","bIsMovable":true,"nX":-15,"nY":20,"sText":"out"}},"aChips":[]}