{"oElements":{"0":{"sClass":"ChipNameText","bIsMovable":true,"nX":1155,"nY":185,"sText":"CPU"},"1":{"sClass":"InputPort","bIsMovable":true,"nX":300,"nY":310},"2":{"sClass":"InputPort","bIsMovable":true,"nX":300,"nY":520},"3":{"sClass":"InputPort","bIsMovable":true,"nX":290,"nY":910},"4":{"nParent":2,"sClass":"NameText","bIsMovable":true,"nX":0,"nY":-10,"sText":"inM"},"5":{"nParent":1,"sClass":"NameText","bIsMovable":true,"nX":0,"nY":-10,"sText":"Instruction"},"6":{"nParent":3,"sClass":"NameText","bIsMovable":true,"nX":0,"nY":-10,"sText":"Reset"},"7":{"nParent":12,"sClass":"ViewPath","bIsMovable":false,"nX":0,"nY":0,"sPath":"M0,10h10v-10h30q30,0,30,30h10h-10q0,30,-30,30h-30v-10h-10h10v-40z"},"8":{"nParent":12,"sClass":"InputPort","bIsMovable":false,"nX":0,"nY":10},"9":{"nParent":12,"sClass":"InputPort","bIsMovable":false,"nX":0,"nY":50},"10":{"nParent":12,"sClass":"OutputPort","bIsMovable":false,"nX":80,"nY":30},"11":{"nParent":12,"sClass":"NameText","bIsMovable":false,"nX":40,"nY":30,"sText":"And"},"12":{"sClass":"AndChip","aElements":[7,8,9,10,11],"nX":500,"nY":260},"13":{"sClass":"WirePoint","bIsMovable":true,"nX":390,"nY":310},"15":{"sClass":"WirePoint","bIsMovable":true,"nX":390,"nY":270},"16":{"sClass":"WireLine","nPoint1":13,"nPoint2":15},"17":{"sClass":"WirePoint","bIsMovable":true,"nX":500,"nY":270},"19":{"sClass":"WirePoint","bIsMovable":true,"nX":500,"nY":310},"20":{"sClass":"WireLine","nPoint1":13,"nPoint2":19},"27":{"nParent":32,"sClass":"ViewPath","bIsMovable":false,"nX":0,"nY":0,"sPath":"M0,10h10v-10h30q30,0,30,30h10h-10q0,30,-30,30h-30v-10h-10h10v-40z"},"28":{"nParent":32,"sClass":"InputPort","bIsMovable":false,"nX":0,"nY":10},"29":{"nParent":32,"sClass":"InputPort","bIsMovable":false,"nX":0,"nY":50},"30":{"nParent":32,"sClass":"OutputPort","bIsMovable":false,"nX":80,"nY":30},"31":{"nParent":32,"sClass":"NameText","bIsMovable":false,"nX":40,"nY":30,"sText":"And"},"32":{"sClass":"AndChip","aElements":[27,28,29,30,31],"nX":580,"nY":280},"33":{"sClass":"WirePoint","bIsMovable":true,"nX":390,"nY":310},"34":{"sClass":"WireLine","nPoint1":1,"nPoint2":33},"35":{"sClass":"WireLine","nPoint1":33,"nPoint2":13},"36":{"sClass":"WirePoint","bIsMovable":true,"nX":390,"nY":330},"37":{"sClass":"WireLine","nPoint1":33,"nPoint2":36},"38":{"sClass":"WirePoint","bIsMovable":true,"nX":580,"nY":330},"39":{"sClass":"WireLine","nPoint1":38,"nPoint2":36},"40":{"sClass":"WireLine","nPoint1":10,"nPoint2":28},"41":{"nParent":46,"sClass":"ViewPath","bIsMovable":false,"nX":0,"nY":0,"sPath":"M0,10h10v-10h30q30,0,30,30h10h-10q0,30,-30,30h-30v-10h-10h10v-40z"},"42":{"nParent":46,"sClass":"InputPort","bIsMovable":false,"nX":0,"nY":10},"43":{"nParent":46,"sClass":"InputPort","bIsMovable":false,"nX":0,"nY":50},"44":{"nParent":46,"sClass":"OutputPort","bIsMovable":false,"nX":80,"nY":30},"45":{"nParent":46,"sClass":"NameText","bIsMovable":false,"nX":40,"nY":30,"sText":"And"},"46":{"sClass":"AndChip","aElements":[41,42,43,44,45],"nX":690,"nY":300},"47":{"sClass":"WirePoint","bIsMovable":true,"nX":390,"nY":350},"48":{"sClass":"WireLine","nPoint1":36,"nPoint2":47},"49":{"sClass":"WireLine","nPoint1":47,"nPoint2":43},"51":{"sClass":"WirePoint","bIsMovable":true,"nX":810,"nY":330},"52":{"sClass":"WireLine","nPoint1":44,"nPoint2":51},"53":{"sClass":"WirePoint","bIsMovable":true,"nX":810,"nY":390},"70":{"sClass":"WirePoint","bIsMovable":true,"nX":420,"nY":270},"71":{"sClass":"WireLine","nPoint1":15,"nPoint2":70},"72":{"sClass":"WireLine","nPoint1":70,"nPoint2":17},"73":{"sClass":"WirePoint","bIsMovable":true,"nX":420,"nY":220},"74":{"sClass":"WireLine","nPoint1":69,"nPoint2":73},"77":{"nParent":81,"sClass":"ViewPath","bIsMovable":false,"nX":0,"nY":0,"sPath":"M0,30h10v-30l50,30a5,5,0,0,0,10,0h10h-10a5,5,0,0,0,-10,0l-50,30v-30z"},"78":{"nParent":81,"sClass":"InputPort","bIsMovable":false,"nX":0,"nY":30},"79":{"nParent":81,"sClass":"OutputPort","bIsMovable":false,"nX":80,"nY":30},"80":{"nParent":81,"sClass":"NameText","bIsMovable":false,"nX":30,"nY":30,"sText":"Not"},"81":{"sClass":"NotChip","aElements":[77,78,79,80],"nX":460,"nY":190},"82":{"sClass":"WireLine","nPoint1":73,"nPoint2":78},"89":{"sClass":"WirePoint","bIsMovable":true,"nX":670,"nY":310},"90":{"sClass":"WireLine","nPoint1":30,"nPoint2":89},"91":{"sClass":"WireLine","nPoint1":89,"nPoint2":42},"101":{"sClass":"WirePoint","bIsMovable":true,"nX":390,"nY":270},"102":{"sClass":"WirePoint","bIsMovable":true,"nX":390,"nY":180},"103":{"sClass":"WireLine","nPoint1":101,"nPoint2":102},"104":{"sClass":"WirePoint","bIsMovable":true,"nX":670,"nY":180},"105":{"sClass":"WireLine","nPoint1":102,"nPoint2":104},"106":{"nParent":111,"sClass":"ViewPath","bIsMovable":false,"nX":0,"nY":0,"sPath":"M0,10h10v-10h30q30,0,30,30h10h-10q0,30,-30,30h-30v-10h-10h10v-40z"},"107":{"nParent":111,"sClass":"InputPort","bIsMovable":false,"nX":0,"nY":10},"108":{"nParent":111,"sClass":"InputPort","bIsMovable":false,"nX":0,"nY":50},"109":{"nParent":111,"sClass":"OutputPort","bIsMovable":false,"nX":80,"nY":30},"110":{"nParent":111,"sClass":"NameText","bIsMovable":false,"nX":40,"nY":30,"sText":"And"},"111":{"sClass":"AndChip","aElements":[106,107,108,109,110],"nX":690,"nY":170},"112":{"sClass":"WireLine","nPoint1":104,"nPoint2":107},"115":{"sClass":"WirePoint","bIsMovable":true,"nX":690,"nY":220},"116":{"sClass":"WirePoint","bIsMovable":true,"nX":670,"nY":220},"118":{"sClass":"WireLine","nPoint1":116,"nPoint2":115},"119":{"nParent":125,"sClass":"ViewPath","bIsMovable":false,"nX":0,"nY":0,"sPath":"M0,20h10v-10l20,7v-17v17l20,7v16h10h-10v16l-40,14v-10h-10h10v-40z"},"120":{"nParent":125,"sClass":"InputPort","bIsMovable":false,"nX":0,"nY":20},"121":{"nParent":125,"sClass":"InputPort","bIsMovable":false,"nX":0,"nY":60},"122":{"nParent":125,"sClass":"InputPort","bIsMovable":false,"nX":30,"nY":0},"123":{"nParent":125,"sClass":"OutputPort","bIsMovable":false,"nX":60,"nY":40},"124":{"nParent":125,"sClass":"NameText","bIsMovable":false,"nX":30,"nY":40,"sText":"Mux16"},"125":{"sClass":"MuxChip","aElements":[119,120,121,122,123,124],"nX":890,"nY":420},"126":{"sClass":"WirePoint","bIsMovable":true,"nX":390,"nY":430},"129":{"sClass":"WirePoint","bIsMovable":true,"nX":920,"nY":200},"130":{"sClass":"WireLine","nPoint1":122,"nPoint2":129},"132":{"nParent":137,"sClass":"ViewPath","bIsMovable":false,"nX":0,"nY":0,"sPath":"M0,10h15M0,50h15M20,30q0,-15,-10,-30q40,0,60,30h10h-10q-20,30,-60,30q10,-15,10,-30z"},"133":{"nParent":137,"sClass":"InputPort","bIsMovable":false,"nX":0,"nY":10},"134":{"nParent":137,"sClass":"InputPort","bIsMovable":false,"nX":0,"nY":50},"135":{"nParent":137,"sClass":"OutputPort","bIsMovable":false,"nX":80,"nY":30},"136":{"nParent":137,"sClass":"NameText","bIsMovable":false,"nX":40,"nY":30,"sText":"Or"},"137":{"sClass":"OrChip","aElements":[132,133,134,135,136],"nX":800,"nY":90},"138":{"sClass":"WirePoint","bIsMovable":true,"nX":540,"nY":100},"139":{"sClass":"WireLine","nPoint1":79,"nPoint2":138},"140":{"sClass":"WireLine","nPoint1":138,"nPoint2":133},"141":{"sClass":"WirePoint","bIsMovable":true,"nX":800,"nY":200},"142":{"sClass":"WireLine","nPoint1":129,"nPoint2":141},"143":{"sClass":"WireLine","nPoint1":141,"nPoint2":109},"144":{"sClass":"WireLine","nPoint1":134,"nPoint2":141},"145":{"nParent":150,"sClass":"ViewPath","bIsMovable":false,"nX":0,"nY":0,"sPath":"M50,0v10h40v20h10h-10v20h-80v-20h-10h10v-20h40zM40,50l10,-10l10,10"},"146":{"nParent":150,"sClass":"InputPort","bIsMovable":false,"nX":0,"nY":30},"147":{"nParent":150,"sClass":"InputPort","bIsMovable":false,"nX":50,"nY":0},"148":{"nParent":150,"sClass":"OutputPort","bIsMovable":false,"nX":100,"nY":30},"149":{"nParent":150,"sClass":"NameText","bIsMovable":false,"nX":50,"nY":30,"sText":"ARegister"},"150":{"sClass":"RegisterChip","aElements":[145,146,147,148,149],"nX":1000,"nY":430},"151":{"sClass":"WirePoint","bIsMovable":true,"nX":1050,"nY":430},"152":{"sClass":"WirePoint","bIsMovable":true,"nX":1050,"nY":120},"153":{"sClass":"WireLine","nPoint1":135,"nPoint2":152},"154":{"sClass":"WireLine","nPoint1":152,"nPoint2":151},"159":{"sClass":"WirePoint","bIsMovable":true,"nX":1140,"nY":400},"163":{"sClass":"WirePoint","bIsMovable":true,"nX":1140,"nY":480},"165":{"sClass":"OutputPort","bIsMovable":true,"nX":1490,"nY":400},"166":{"nParent":165,"sClass":"NameText","bIsMovable":true,"nX":30,"nY":-5,"sText":"addressM"},"167":{"sClass":"WirePoint","bIsMovable":true,"nX":1140,"nY":400},"168":{"sClass":"WireLine","nPoint1":167,"nPoint2":165},"169":{"nParent":175,"sClass":"ViewPath","bIsMovable":false,"nX":0,"nY":0,"sPath":"M0,20h10v-10l20,7v-17v17l20,7v16h10h-10v16l-40,14v-10h-10h10v-40z"},"170":{"nParent":175,"sClass":"InputPort","bIsMovable":false,"nX":0,"nY":20},"171":{"nParent":175,"sClass":"InputPort","bIsMovable":false,"nX":0,"nY":60},"172":{"nParent":175,"sClass":"InputPort","bIsMovable":false,"nX":30,"nY":0},"173":{"nParent":175,"sClass":"OutputPort","bIsMovable":false,"nX":60,"nY":40},"174":{"nParent":175,"sClass":"NameText","bIsMovable":false,"nX":30,"nY":40,"sText":"Mux16"},"175":{"sClass":"MuxChip","aElements":[169,170,171,172,173,174],"nX":1170,"nY":460},"176":{"sClass":"WireLine","nPoint1":163,"nPoint2":170},"178":{"sClass":"WirePoint","bIsMovable":true,"nX":1170,"nY":520},"179":{"sClass":"WireLine","nPoint1":171,"nPoint2":178},"181":{"sClass":"WireLine","nPoint1":178,"nPoint2":2},"182":{"sClass":"WirePoint","bIsMovable":true,"nX":390,"nY":370},"183":{"sClass":"WireLine","nPoint1":47,"nPoint2":182},"184":{"sClass":"WireLine","nPoint1":182,"nPoint2":126},"185":{"sClass":"WirePoint","bIsMovable":true,"nX":1200,"nY":460},"186":{"sClass":"WirePoint","bIsMovable":true,"nX":1200,"nY":370},"187":{"sClass":"WireLine","nPoint1":182,"nPoint2":186},"188":{"sClass":"WireLine","nPoint1":186,"nPoint2":185},"189":{"sClass":"WirePoint","bIsMovable":true,"nX":390,"nY":550},"192":{"sClass":"WirePoint","bIsMovable":true,"nX":390,"nY":620},"193":{"sClass":"WireLine","nPoint1":189,"nPoint2":192},"195":{"sClass":"WirePoint","bIsMovable":true,"nX":520,"nY":570},"196":{"sClass":"WirePoint","bIsMovable":true,"nX":620,"nY":570},"197":{"sClass":"WireLine","nPoint1":195,"nPoint2":196},"198":{"sClass":"WirePoint","bIsMovable":true,"nX":620,"nY":670},"200":{"sClass":"WirePoint","bIsMovable":true,"nX":520,"nY":670},"201":{"sClass":"WireLine","nPoint1":198,"nPoint2":200},"203":{"nParent":201,"sClass":"NameText","bIsMovable":true,"nX":-50,"nY":-10,"sText":"ALU"},"204":{"nParent":173,"sClass":"NameText","bIsMovable":true,"nX":0,"nY":-10,"sText":""},"211":{"nParent":216,"sClass":"ViewPath","bIsMovable":false,"nX":0,"nY":0,"sPath":"M50,0v10h40v20h10h-10v20h-80v-20h-10h10v-20h40zM40,50l10,-10l10,10"},"212":{"nParent":216,"sClass":"InputPort","bIsMovable":false,"nX":0,"nY":30},"213":{"nParent":216,"sClass":"InputPort","bIsMovable":false,"nX":50,"nY":0},"214":{"nParent":216,"sClass":"OutputPort","bIsMovable":false,"nX":100,"nY":30},"215":{"nParent":216,"sClass":"NameText","bIsMovable":false,"nX":50,"nY":30,"sText":"DRegister"},"216":{"sClass":"RegisterChip","aElements":[211,212,213,214,215],"nX":760,"nY":380},"217":{"sClass":"WireLine","nPoint1":51,"nPoint2":213},"285":{"sClass":"WirePoint","bIsMovable":true,"nX":750,"nY":590},"318":{"sClass":"WirePoint","bIsMovable":true,"nX":750,"nY":510},"319":{"sClass":"WirePoint","bIsMovable":true,"nX":750,"nY":410},"320":{"sClass":"WireLine","nPoint1":212,"nPoint2":319},"325":{"sClass":"OutputPort","bIsMovable":true,"nX":840,"nY":590},"326":{"sClass":"WireLine","nPoint1":285,"nPoint2":325},"327":{"nParent":325,"sClass":"NameText","bIsMovable":true,"nX":0,"nY":-10,"sText":"outM"},"332":{"nParent":337,"sClass":"ViewPath","bIsMovable":false,"nX":0,"nY":0,"sPath":"M0,10h10v-10h30q30,0,30,30h10h-10q0,30,-30,30h-30v-10h-10h10v-40z"},"333":{"nParent":337,"sClass":"InputPort","bIsMovable":false,"nX":0,"nY":10},"334":{"nParent":337,"sClass":"InputPort","bIsMovable":false,"nX":0,"nY":50},"335":{"nParent":337,"sClass":"OutputPort","bIsMovable":false,"nX":80,"nY":30},"336":{"nParent":337,"sClass":"NameText","bIsMovable":false,"nX":40,"nY":30,"sText":"And"},"337":{"sClass":"AndChip","aElements":[332,333,334,335,336],"nX":820,"nY":240},"339":{"sClass":"WirePoint","bIsMovable":true,"nX":390,"nY":250},"344":{"sClass":"WirePoint","bIsMovable":true,"nX":800,"nY":250},"345":{"sClass":"WireLine","nPoint1":344,"nPoint2":339},"346":{"sClass":"WireLine","nPoint1":344,"nPoint2":333},"348":{"sClass":"WirePoint","bIsMovable":true,"nX":670,"nY":290},"350":{"sClass":"WireLine","nPoint1":348,"nPoint2":89},"351":{"sClass":"WireLine","nPoint1":334,"nPoint2":348},"352":{"sClass":"WirePoint","bIsMovable":true,"nX":1220,"nY":270},"355":{"sClass":"WireLine","nPoint1":335,"nPoint2":352},"356":{"sClass":"OutputPort","bIsMovable":true,"nX":1490,"nY":270},"357":{"nParent":356,"sClass":"NameText","bIsMovable":true,"nX":0,"nY":-10,"sText":"writeM"},"358":{"sClass":"WireLine","nPoint1":352,"nPoint2":356},"417":{"sClass":"WirePoint","bIsMovable":true,"nX":390,"nY":440},"418":{"sClass":"WireLine","nPoint1":126,"nPoint2":417},"419":{"sClass":"WireLine","nPoint1":417,"nPoint2":189},"420":{"sClass":"WireLine","nPoint1":120,"nPoint2":417},"421":{"sClass":"WirePoint","bIsMovable":true,"nX":1000,"nY":460},"422":{"sClass":"WireLine","nPoint1":123,"nPoint2":421},"423":{"sClass":"WirePoint","bIsMovable":true,"nX":1140,"nY":460},"424":{"sClass":"WireLine","nPoint1":148,"nPoint2":423},"473":{"sClass":"WirePoint","bIsMovable":true,"nX":670,"nY":240},"474":{"sClass":"WireLine","nPoint1":116,"nPoint2":473},"475":{"sClass":"WireLine","nPoint1":473,"nPoint2":348},"476":{"sClass":"WirePoint","bIsMovable":true,"nX":1290,"nY":240},"477":{"sClass":"WireLine","nPoint1":473,"nPoint2":476},"478":{"sClass":"WirePoint","bIsMovable":true,"nX":1230,"nY":740},"479":{"sClass":"WireLine","nPoint1":476,"nPoint2":478},"481":{"sClass":"WirePoint","bIsMovable":true,"nX":1140,"nY":430},"482":{"sClass":"WireLine","nPoint1":163,"nPoint2":481},"483":{"sClass":"WireLine","nPoint1":481,"nPoint2":159},"484":{"sClass":"WirePoint","bIsMovable":true,"nX":1700,"nY":430},"485":{"sClass":"WirePoint","bIsMovable":true,"nX":1140,"nY":430},"486":{"sClass":"WireLine","nPoint1":481,"nPoint2":485},"487":{"sClass":"WireLine","nPoint1":485,"nPoint2":484},"512":{"sClass":"InputPort","bIsMovable":true,"nX":1450,"nY":520},"513":{"nParent":512,"sClass":"NameText","bIsMovable":true,"nX":-5,"nY":-15,"sText":"true"},"533":{"sClass":"OutputPort","bIsMovable":true,"nX":1940,"nY":390},"535":{"nParent":533,"sClass":"NameText","bIsMovable":true,"nX":0,"nY":-10,"sText":"PC"},"536":{"nParent":538,"sClass":"ViewPath","bIsMovable":false,"nX":0,"nY":0,"sPath":"M-2,5l4,-10"},"537":{"nParent":538,"sClass":"NameText","bIsMovable":false,"nX":5,"nY":-10,"sText":"16"},"538":{"nParent":34,"sClass":"BitWidth","aElements":[536,537],"nPos":40},"539":{"nParent":541,"sClass":"ViewPath","bIsMovable":false,"nX":0,"nY":0,"sPath":"M-2,5l4,-10"},"540":{"nParent":541,"sClass":"NameText","bIsMovable":false,"nX":5,"nY":-10,"sText":"16"},"541":{"nParent":181,"sClass":"BitWidth","aElements":[539,540],"nPos":825},"545":{"sClass":"WirePoint","bIsMovable":true,"nX":750,"nY":480},"548":{"sClass":"WireLine","nPoint1":121,"nPoint2":545},"560":{"sClass":"WirePoint","bIsMovable":true,"nX":520,"nY":570},"563":{"sClass":"WirePoint","bIsMovable":true,"nX":870,"nY":550},"564":{"sClass":"WirePoint","bIsMovable":true,"nX":870,"nY":410},"565":{"sClass":"WireLine","nPoint1":214,"nPoint2":564},"566":{"sClass":"WireLine","nPoint1":564,"nPoint2":563},"567":{"sClass":"WirePoint","bIsMovable":true,"nX":490,"nY":550},"568":{"sClass":"WireLine","nPoint1":563,"nPoint2":567},"569":{"sClass":"WirePoint","bIsMovable":true,"nX":490,"nY":590},"570":{"sClass":"WireLine","nPoint1":567,"nPoint2":569},"571":{"sClass":"WirePoint","bIsMovable":true,"nX":520,"nY":590},"572":{"sClass":"WireLine","nPoint1":560,"nPoint2":571},"574":{"sClass":"WireLine","nPoint1":569,"nPoint2":571},"575":{"sClass":"WirePoint","bIsMovable":true,"nX":1230,"nY":560},"576":{"sClass":"WireLine","nPoint1":173,"nPoint2":575},"577":{"sClass":"WirePoint","bIsMovable":true,"nX":500,"nY":560},"578":{"sClass":"WirePoint","bIsMovable":true,"nX":1230,"nY":560},"579":{"sClass":"WireLine","nPoint1":575,"nPoint2":578},"580":{"sClass":"WireLine","nPoint1":578,"nPoint2":577},"581":{"sClass":"WirePoint","bIsMovable":true,"nX":500,"nY":560},"582":{"sClass":"WirePoint","bIsMovable":true,"nX":500,"nY":580},"583":{"sClass":"WireLine","nPoint1":581,"nPoint2":582},"584":{"sClass":"WirePoint","bIsMovable":true,"nX":520,"nY":580},"585":{"sClass":"WireLine","nPoint1":582,"nPoint2":584},"586":{"sClass":"WirePoint","bIsMovable":true,"nX":520,"nY":610},"587":{"sClass":"WirePoint","bIsMovable":true,"nX":520,"nY":600},"588":{"sClass":"WireLine","nPoint1":571,"nPoint2":587},"590":{"sClass":"WireLine","nPoint1":586,"nPoint2":587},"591":{"sClass":"WirePoint","bIsMovable":true,"nX":520,"nY":630},"594":{"sClass":"WirePoint","bIsMovable":true,"nX":520,"nY":620},"595":{"sClass":"WireLine","nPoint1":587,"nPoint2":594},"596":{"sClass":"WireLine","nPoint1":594,"nPoint2":591},"597":{"sClass":"WirePoint","bIsMovable":true,"nX":520,"nY":640},"598":{"sClass":"WireLine","nPoint1":591,"nPoint2":597},"599":{"sClass":"WireLine","nPoint1":597,"nPoint2":200},"600":{"sClass":"WireLine","nPoint1":594,"nPoint2":597},"601":{"sClass":"WirePoint","bIsMovable":true,"nX":520,"nY":650},"603":{"sClass":"WirePoint","bIsMovable":true,"nX":450,"nY":600},"604":{"sClass":"WireLine","nPoint1":587,"nPoint2":603},"605":{"sClass":"WirePoint","bIsMovable":true,"nX":450,"nY":610},"606":{"sClass":"WireLine","nPoint1":586,"nPoint2":605},"607":{"sClass":"WirePoint","bIsMovable":true,"nX":450,"nY":620},"608":{"sClass":"WireLine","nPoint1":594,"nPoint2":607},"609":{"sClass":"WirePoint","bIsMovable":true,"nX":450,"nY":630},"610":{"sClass":"WireLine","nPoint1":591,"nPoint2":609},"611":{"sClass":"WirePoint","bIsMovable":true,"nX":450,"nY":640},"612":{"sClass":"WireLine","nPoint1":597,"nPoint2":611},"613":{"sClass":"WirePoint","bIsMovable":true,"nX":450,"nY":650},"615":{"sClass":"WireLine","nPoint1":613,"nPoint2":603},"616":{"sClass":"WireLine","nPoint1":192,"nPoint2":607},"618":{"sClass":"WirePoint","bIsMovable":true,"nX":620,"nY":590},"619":{"sClass":"WireLine","nPoint1":196,"nPoint2":618},"620":{"sClass":"WireLine","nPoint1":618,"nPoint2":198},"625":{"sClass":"WirePoint","bIsMovable":true,"nX":750,"nY":590},"626":{"sClass":"WireLine","nPoint1":618,"nPoint2":625},"627":{"sClass":"WirePoint","bIsMovable":true,"nX":750,"nY":510},"628":{"sClass":"WireLine","nPoint1":319,"nPoint2":627},"629":{"sClass":"WireLine","nPoint1":627,"nPoint2":318},"630":{"sClass":"WireLine","nPoint1":625,"nPoint2":627},"632":{"sClass":"WirePoint","bIsMovable":true,"nX":620,"nY":620},"633":{"sClass":"WirePoint","bIsMovable":true,"nX":700,"nY":620},"634":{"sClass":"WireLine","nPoint1":632,"nPoint2":633},"635":{"sClass":"WirePoint","bIsMovable":true,"nX":620,"nY":650},"636":{"sClass":"WirePoint","bIsMovable":true,"nX":670,"nY":650},"637":{"sClass":"WireLine","nPoint1":635,"nPoint2":636},"638":{"sClass":"WirePoint","bIsMovable":true,"nX":670,"nY":650},"643":{"sClass":"WirePoint","bIsMovable":true,"nX":670,"nY":800},"644":{"sClass":"WireLine","nPoint1":638,"nPoint2":643},"645":{"sClass":"WirePoint","bIsMovable":true,"nX":720,"nY":800},"646":{"sClass":"WireLine","nPoint1":643,"nPoint2":645},"647":{"nParent":652,"sClass":"ViewPath","bIsMovable":false,"nX":0,"nY":0,"sPath":"M0,10h10v-10h30q30,0,30,30h10h-10q0,30,-30,30h-30v-10h-10h10v-40z"},"648":{"nParent":652,"sClass":"InputPort","bIsMovable":false,"nX":0,"nY":10},"649":{"nParent":652,"sClass":"InputPort","bIsMovable":false,"nX":0,"nY":50},"650":{"nParent":652,"sClass":"OutputPort","bIsMovable":false,"nX":80,"nY":30},"651":{"nParent":652,"sClass":"NameText","bIsMovable":false,"nX":40,"nY":30,"sText":"And"},"652":{"sClass":"AndChip","aElements":[647,648,649,650,651],"nX":790,"nY":610},"653":{"nParent":658,"sClass":"ViewPath","bIsMovable":false,"nX":0,"nY":0,"sPath":"M0,10h10v-10h30q30,0,30,30h10h-10q0,30,-30,30h-30v-10h-10h10v-40z"},"654":{"nParent":658,"sClass":"InputPort","bIsMovable":false,"nX":0,"nY":10},"655":{"nParent":658,"sClass":"InputPort","bIsMovable":false,"nX":0,"nY":50},"656":{"nParent":658,"sClass":"OutputPort","bIsMovable":false,"nX":80,"nY":30},"657":{"nParent":658,"sClass":"NameText","bIsMovable":false,"nX":40,"nY":30,"sText":"And"},"658":{"sClass":"AndChip","aElements":[653,654,655,656,657],"nX":790,"nY":680},"665":{"nParent":670,"sClass":"ViewPath","bIsMovable":false,"nX":0,"nY":0,"sPath":"M0,10h10v-10h30q30,0,30,30h10h-10q0,30,-30,30h-30v-10h-10h10v-40z"},"666":{"nParent":670,"sClass":"InputPort","bIsMovable":false,"nX":0,"nY":10},"667":{"nParent":670,"sClass":"InputPort","bIsMovable":false,"nX":0,"nY":50},"668":{"nParent":670,"sClass":"OutputPort","bIsMovable":false,"nX":80,"nY":30},"669":{"nParent":670,"sClass":"NameText","bIsMovable":false,"nX":40,"nY":30,"sText":"And"},"670":{"sClass":"AndChip","aElements":[665,666,667,668,669],"nX":790,"nY":750},"671":{"sClass":"WireLine","nPoint1":645,"nPoint2":667},"672":{"sClass":"WirePoint","bIsMovable":true,"nX":700,"nY":760},"673":{"sClass":"WireLine","nPoint1":633,"nPoint2":672},"674":{"sClass":"WireLine","nPoint1":672,"nPoint2":666},"675":{"sClass":"WirePoint","bIsMovable":true,"nX":790,"nY":690},"676":{"sClass":"WirePoint","bIsMovable":true,"nX":670,"nY":690},"677":{"sClass":"WirePoint","bIsMovable":true,"nX":790,"nY":690},"678":{"sClass":"WireLine","nPoint1":675,"nPoint2":677},"679":{"sClass":"WireLine","nPoint1":677,"nPoint2":676},"680":{"sClass":"WirePoint","bIsMovable":true,"nX":700,"nY":620},"681":{"sClass":"WireLine","nPoint1":648,"nPoint2":680},"689":{"sClass":"WirePoint","bIsMovable":true,"nX":450,"nY":720},"690":{"sClass":"WirePoint","bIsMovable":true,"nX":450,"nY":650},"691":{"sClass":"WireLine","nPoint1":601,"nPoint2":690},"692":{"sClass":"WireLine","nPoint1":690,"nPoint2":613},"694":{"sClass":"WirePoint","bIsMovable":true,"nX":450,"nY":730},"695":{"sClass":"WireLine","nPoint1":689,"nPoint2":694},"696":{"sClass":"WireLine","nPoint1":694,"nPoint2":655},"703":{"sClass":"WirePoint","bIsMovable":true,"nX":450,"nY":680},"704":{"sClass":"WireLine","nPoint1":689,"nPoint2":703},"705":{"sClass":"WireLine","nPoint1":703,"nPoint2":690},"706":{"sClass":"WirePoint","bIsMovable":true,"nX":750,"nY":680},"707":{"sClass":"WirePoint","bIsMovable":true,"nX":450,"nY":680},"708":{"sClass":"WireLine","nPoint1":703,"nPoint2":707},"709":{"sClass":"WireLine","nPoint1":707,"nPoint2":706},"710":{"sClass":"WirePoint","bIsMovable":true,"nX":750,"nY":680},"711":{"sClass":"WirePoint","bIsMovable":true,"nX":750,"nY":660},"712":{"sClass":"WireLine","nPoint1":710,"nPoint2":711},"713":{"sClass":"WireLine","nPoint1":711,"nPoint2":649},"714":{"nParent":719,"sClass":"ViewPath","bIsMovable":false,"nX":0,"nY":0,"sPath":"M0,10h15M0,50h15M20,30q0,-15,-10,-30q40,0,60,30h10h-10q-20,30,-60,30q10,-15,10,-30z"},"715":{"nParent":719,"sClass":"InputPort","bIsMovable":false,"nX":0,"nY":10},"716":{"nParent":719,"sClass":"InputPort","bIsMovable":false,"nX":0,"nY":50},"717":{"nParent":719,"sClass":"OutputPort","bIsMovable":false,"nX":80,"nY":30},"718":{"nParent":719,"sClass":"NameText","bIsMovable":false,"nX":40,"nY":30,"sText":"Or"},"719":{"sClass":"OrChip","aElements":[714,715,716,717,718],"nX":920,"nY":660},"720":{"sClass":"WirePoint","bIsMovable":true,"nX":870,"nY":710},"721":{"sClass":"WirePoint","bIsMovable":true,"nX":920,"nY":710},"722":{"sClass":"WireLine","nPoint1":720,"nPoint2":721},"723":{"sClass":"WirePoint","bIsMovable":true,"nX":920,"nY":670},"724":{"sClass":"WirePoint","bIsMovable":true,"nX":920,"nY":640},"725":{"sClass":"WireLine","nPoint1":650,"nPoint2":724},"726":{"sClass":"WireLine","nPoint1":724,"nPoint2":723},"727":{"nParent":731,"sClass":"ViewPath","bIsMovable":false,"nX":0,"nY":0,"sPath":"M0,30h10v-30l50,30a5,5,0,0,0,10,0h10h-10a5,5,0,0,0,-10,0l-50,30v-30z"},"728":{"nParent":731,"sClass":"InputPort","bIsMovable":false,"nX":0,"nY":30},"729":{"nParent":731,"sClass":"OutputPort","bIsMovable":false,"nX":80,"nY":30},"730":{"nParent":731,"sClass":"NameText","bIsMovable":false,"nX":30,"nY":30,"sText":"Not"},"731":{"sClass":"NotChip","aElements":[727,728,729,730],"nX":890,"nY":750},"732":{"nParent":737,"sClass":"ViewPath","bIsMovable":false,"nX":0,"nY":0,"sPath":"M0,10h10v-10h30q30,0,30,30h10h-10q0,30,-30,30h-30v-10h-10h10v-40z"},"733":{"nParent":737,"sClass":"InputPort","bIsMovable":false,"nX":0,"nY":10},"734":{"nParent":737,"sClass":"InputPort","bIsMovable":false,"nX":0,"nY":50},"735":{"nParent":737,"sClass":"OutputPort","bIsMovable":false,"nX":80,"nY":30},"736":{"nParent":737,"sClass":"NameText","bIsMovable":false,"nX":40,"nY":30,"sText":"And"},"737":{"sClass":"AndChip","aElements":[732,733,734,735,736],"nX":1000,"nY":770},"738":{"sClass":"WireLine","nPoint1":668,"nPoint2":728},"739":{"sClass":"WireLine","nPoint1":729,"nPoint2":733},"740":{"sClass":"WirePoint","bIsMovable":true,"nX":1000,"nY":820},"741":{"sClass":"WirePoint","bIsMovable":true,"nX":450,"nY":820},"742":{"sClass":"WireLine","nPoint1":740,"nPoint2":741},"743":{"sClass":"WireLine","nPoint1":741,"nPoint2":694},"751":{"nParent":756,"sClass":"ViewPath","bIsMovable":false,"nX":0,"nY":0,"sPath":"M0,10h15M0,50h15M20,30q0,-15,-10,-30q40,0,60,30h10h-10q-20,30,-60,30q10,-15,10,-30z"},"752":{"nParent":756,"sClass":"InputPort","bIsMovable":false,"nX":0,"nY":10},"753":{"nParent":756,"sClass":"InputPort","bIsMovable":false,"nX":0,"nY":50},"754":{"nParent":756,"sClass":"OutputPort","bIsMovable":false,"nX":80,"nY":30},"755":{"nParent":756,"sClass":"NameText","bIsMovable":false,"nX":40,"nY":30,"sText":"Or"},"756":{"sClass":"OrChip","aElements":[751,752,753,754,755],"nX":1110,"nY":750},"757":{"sClass":"WirePoint","bIsMovable":true,"nX":1110,"nY":690},"758":{"sClass":"WireLine","nPoint1":717,"nPoint2":757},"759":{"sClass":"WireLine","nPoint1":757,"nPoint2":752},"760":{"sClass":"WireLine","nPoint1":735,"nPoint2":753},"761":{"nParent":766,"sClass":"ViewPath","bIsMovable":false,"nX":0,"nY":0,"sPath":"M0,10h10v-10h30q30,0,30,30h10h-10q0,30,-30,30h-30v-10h-10h10v-40z"},"762":{"nParent":766,"sClass":"InputPort","bIsMovable":false,"nX":0,"nY":10},"763":{"nParent":766,"sClass":"InputPort","bIsMovable":false,"nX":0,"nY":50},"764":{"nParent":766,"sClass":"OutputPort","bIsMovable":false,"nX":80,"nY":30},"765":{"nParent":766,"sClass":"NameText","bIsMovable":false,"nX":40,"nY":30,"sText":"And"},"766":{"sClass":"AndChip","aElements":[761,762,763,764,765],"nX":1260,"nY":730},"767":{"sClass":"WirePoint","bIsMovable":true,"nX":1230,"nY":740},"768":{"sClass":"WireLine","nPoint1":767,"nPoint2":762},"769":{"sClass":"WireLine","nPoint1":754,"nPoint2":763},"770":{"sClass":"WirePoint","bIsMovable":true,"nX":1700,"nY":460},"771":{"sClass":"WireLine","nPoint1":484,"nPoint2":770},"772":{"sClass":"WirePoint","bIsMovable":true,"nX":1700,"nY":400},"773":{"sClass":"WireLine","nPoint1":770,"nPoint2":772},"774":{"sClass":"WirePoint","bIsMovable":true,"nX":1840,"nY":400},"775":{"sClass":"WireLine","nPoint1":772,"nPoint2":774},"776":{"sClass":"WirePoint","bIsMovable":true,"nX":1840,"nY":460},"777":{"sClass":"WireLine","nPoint1":776,"nPoint2":774},"779":{"sClass":"WirePoint","bIsMovable":true,"nX":1770,"nY":460},"780":{"sClass":"WirePoint","bIsMovable":true,"nX":1770,"nY":760},"781":{"sClass":"WireLine","nPoint1":764,"nPoint2":780},"782":{"sClass":"WireLine","nPoint1":780,"nPoint2":779},"783":{"sClass":"WirePoint","bIsMovable":true,"nX":1740,"nY":460},"784":{"sClass":"WireLine","nPoint1":776,"nPoint2":783},"785":{"sClass":"WireLine","nPoint1":783,"nPoint2":770},"786":{"sClass":"WirePoint","bIsMovable":true,"nX":1740,"nY":520},"787":{"sClass":"WireLine","nPoint1":512,"nPoint2":786},"788":{"sClass":"WireLine","nPoint1":786,"nPoint2":783},"789":{"sClass":"WirePoint","bIsMovable":true,"nX":1810,"nY":460},"790":{"sClass":"WirePoint","bIsMovable":true,"nX":1810,"nY":910},"791":{"sClass":"WirePoint","bIsMovable":true,"nX":1810,"nY":460},"792":{"sClass":"WireLine","nPoint1":789,"nPoint2":791},"793":{"sClass":"WireLine","nPoint1":791,"nPoint2":790},"794":{"sClass":"WireLine","nPoint1":3,"nPoint2":790},"795":{"sClass":"WirePoint","bIsMovable":true,"nX":1840,"nY":430},"796":{"sClass":"WirePoint","bIsMovable":true,"nX":1890,"nY":430},"797":{"sClass":"WireLine","nPoint1":795,"nPoint2":796},"798":{"sClass":"WirePoint","bIsMovable":true,"nX":1890,"nY":390},"799":{"sClass":"WireLine","nPoint1":796,"nPoint2":798},"800":{"sClass":"WireLine","nPoint1":798,"nPoint2":533},"801":{"sClass":"WirePoint","bIsMovable":true,"nX":1890,"nY":450},"802":{"sClass":"WireLine","nPoint1":796,"nPoint2":801},"803":{"sClass":"WirePoint","bIsMovable":true,"nX":1920,"nY":450},"804":{"sClass":"WireLine","nPoint1":801,"nPoint2":803},"805":{"nParent":784,"sClass":"NameText","bIsMovable":true,"nX":-70,"nY":-25,"sText":"PC"},"806":{"nParent":808,"sClass":"ViewPath","bIsMovable":false,"nX":0,"nY":0,"sPath":"M-2,5l4,-10"},"807":{"nParent":808,"sClass":"NameText","bIsMovable":false,"nX":5,"nY":-10,"sText":"1"},"808":{"nParent":794,"sClass":"BitWidth","aElements":[806,807],"nPos":135},"812":{"nParent":691,"sClass":"NameText","bIsMovable":true,"nX":-120,"nY":5,"sText":"instruction[6]"},"813":{"nParent":612,"sClass":"NameText","bIsMovable":true,"nX":-120,"nY":5,"sText":"instruction[7]"},"814":{"nParent":610,"sClass":"NameText","bIsMovable":true,"nX":-120,"nY":5,"sText":"instruction[8]"},"815":{"nParent":604,"sClass":"NameText","bIsMovable":true,"nX":-115,"nY":0,"sText":"instruction[11]"},"816":{"nParent":606,"sClass":"NameText","bIsMovable":true,"nX":-115,"nY":0,"sText":"instruction[10]"},"817":{"nParent":608,"sClass":"NameText","bIsMovable":true,"nX":-115,"nY":5,"sText":"instruction[9]"},"818":{"nParent":820,"sClass":"ViewPath","bIsMovable":false,"nX":0,"nY":0,"sPath":"M-2,5l4,-10"},"819":{"nParent":820,"sClass":"NameText","bIsMovable":false,"nX":5,"nY":-10,"sText":"1"},"820":{"nParent":691,"sClass":"BitWidth","aElements":[818,819],"nPos":35},"821":{"nParent":823,"sClass":"ViewPath","bIsMovable":false,"nX":0,"nY":0,"sPath":"M-2,5l4,-10"},"822":{"nParent":823,"sClass":"NameText","bIsMovable":false,"nX":5,"nY":-10,"sText":"1"},"823":{"nParent":612,"sClass":"BitWidth","aElements":[821,822],"nPos":45},"824":{"nParent":826,"sClass":"ViewPath","bIsMovable":false,"nX":0,"nY":0,"sPath":"M-2,5l4,-10"},"825":{"nParent":826,"sClass":"NameText","bIsMovable":false,"nX":5,"nY":-10,"sText":"1"},"826":{"nParent":610,"sClass":"BitWidth","aElements":[824,825],"nPos":55},"827":{"nParent":829,"sClass":"ViewPath","bIsMovable":false,"nX":0,"nY":0,"sPath":"M-2,5l4,-10"},"828":{"nParent":829,"sClass":"NameText","bIsMovable":false,"nX":5,"nY":-10,"sText":"1"},"829":{"nParent":608,"sClass":"BitWidth","aElements":[827,828],"nPos":35},"830":{"nParent":832,"sClass":"ViewPath","bIsMovable":false,"nX":0,"nY":0,"sPath":"M-2,5l4,-10"},"831":{"nParent":832,"sClass":"NameText","bIsMovable":false,"nX":5,"nY":-10,"sText":"1"},"832":{"nParent":606,"sClass":"BitWidth","aElements":[830,831],"nPos":50},"833":{"nParent":835,"sClass":"ViewPath","bIsMovable":false,"nX":0,"nY":0,"sPath":"M-2,5l4,-10"},"834":{"nParent":835,"sClass":"NameText","bIsMovable":false,"nX":5,"nY":-10,"sText":"1"},"835":{"nParent":604,"sClass":"BitWidth","aElements":[833,834],"nPos":60},"836":{"nParent":838,"sClass":"ViewPath","bIsMovable":false,"nX":0,"nY":0,"sPath":"M-2,5l4,-10"},"837":{"nParent":838,"sClass":"NameText","bIsMovable":false,"nX":5,"nY":-10,"sText":"1"},"838":{"nParent":709,"sClass":"BitWidth","aElements":[836,837],"nPos":35},"839":{"nParent":841,"sClass":"ViewPath","bIsMovable":false,"nX":0,"nY":0,"sPath":"M-2,5l4,-10"},"840":{"nParent":841,"sClass":"NameText","bIsMovable":false,"nX":5,"nY":-10,"sText":"1"},"841":{"nParent":696,"sClass":"BitWidth","aElements":[839,840],"nPos":40},"842":{"nParent":844,"sClass":"ViewPath","bIsMovable":false,"nX":0,"nY":0,"sPath":"M-2,5l4,-10"},"843":{"nParent":844,"sClass":"NameText","bIsMovable":false,"nX":5,"nY":-10,"sText":"1"},"844":{"nParent":742,"sClass":"BitWidth","aElements":[842,843],"nPos":480},"845":{"nParent":709,"sClass":"NameText","bIsMovable":true,"nX":45,"nY":10,"sText":"instruction[2]"},"846":{"nParent":696,"sClass":"NameText","bIsMovable":true,"nX":50,"nY":10,"sText":"instruction[1]"},"847":{"nParent":742,"sClass":"NameText","bIsMovable":true,"nX":-510,"nY":5,"sText":"instruction[0]"},"848":{"nParent":71,"sClass":"NameText","bIsMovable":true,"nX":-45,"nY":0,"sText":"instruction[15]"},"849":{"nParent":20,"sClass":"NameText","bIsMovable":true,"nX":60,"nY":-10,"sText":"instruction[14]"},"850":{"nParent":39,"sClass":"NameText","bIsMovable":true,"nX":-130,"nY":-10,"sText":"instruction[13]"},"851":{"nParent":345,"sClass":"NameText","bIsMovable":true,"nX":-455,"nY":0,"sText":"instruction[3]"},"852":{"nParent":105,"sClass":"NameText","bIsMovable":true,"nX":35,"nY":-20,"sText":"instruction[5]"},"853":{"nParent":855,"sClass":"ViewPath","bIsMovable":false,"nX":0,"nY":0,"sPath":"M-2,5l4,-10"},"854":{"nParent":855,"sClass":"NameText","bIsMovable":false,"nX":5,"nY":-10,"sText":"1"},"855":{"nParent":105,"sClass":"BitWidth","aElements":[853,854],"nPos":45},"856":{"nParent":858,"sClass":"ViewPath","bIsMovable":false,"nX":0,"nY":0,"sPath":"M-2,5l4,-10"},"857":{"nParent":858,"sClass":"NameText","bIsMovable":false,"nX":5,"nY":-10,"sText":"1"},"858":{"nParent":345,"sClass":"BitWidth","aElements":[856,857],"nPos":400},"859":{"nParent":861,"sClass":"ViewPath","bIsMovable":false,"nX":0,"nY":0,"sPath":"M-2,5l4,-10"},"860":{"nParent":861,"sClass":"NameText","bIsMovable":false,"nX":5,"nY":-10,"sText":"1"},"861":{"nParent":71,"sClass":"BitWidth","aElements":[859,860],"nPos":10},"862":{"nParent":864,"sClass":"ViewPath","bIsMovable":false,"nX":0,"nY":0,"sPath":"M-2,5l4,-10"},"863":{"nParent":864,"sClass":"NameText","bIsMovable":false,"nX":5,"nY":-10,"sText":"1"},"864":{"nParent":72,"sClass":"BitWidth","aElements":[862,863],"nPos":20},"865":{"nParent":867,"sClass":"ViewPath","bIsMovable":false,"nX":0,"nY":0,"sPath":"M-2,5l4,-10"},"866":{"nParent":867,"sClass":"NameText","bIsMovable":false,"nX":5,"nY":-10,"sText":"1"},"867":{"nParent":82,"sClass":"BitWidth","aElements":[865,866],"nPos":15},"868":{"nParent":870,"sClass":"ViewPath","bIsMovable":false,"nX":0,"nY":0,"sPath":"M-2,5l4,-10"},"869":{"nParent":870,"sClass":"NameText","bIsMovable":false,"nX":5,"nY":-10,"sText":"1"},"870":{"nParent":20,"sClass":"BitWidth","aElements":[868,869],"nPos":5},"871":{"nParent":873,"sClass":"ViewPath","bIsMovable":false,"nX":0,"nY":0,"sPath":"M-2,5l4,-10"},"872":{"nParent":873,"sClass":"NameText","bIsMovable":false,"nX":5,"nY":-10,"sText":"1"},"873":{"nParent":39,"sClass":"BitWidth","aElements":[871,872],"nPos":185},"874":{"nParent":49,"sClass":"NameText","bIsMovable":true,"nX":60,"nY":-10,"sText":"instruction[4]"},"875":{"nParent":877,"sClass":"ViewPath","bIsMovable":false,"nX":0,"nY":0,"sPath":"M-2,5l4,-10"},"876":{"nParent":877,"sClass":"NameText","bIsMovable":false,"nX":5,"nY":-10,"sText":"1"},"877":{"nParent":49,"sClass":"BitWidth","aElements":[875,876],"nPos":10},"878":{"nParent":187,"sClass":"NameText","bIsMovable":true,"nX":65,"nY":-10,"sText":"instruction[12]"},"879":{"nParent":881,"sClass":"ViewPath","bIsMovable":false,"nX":0,"nY":0,"sPath":"M-2,5l4,-10"},"880":{"nParent":881,"sClass":"NameText","bIsMovable":false,"nX":5,"nY":-10,"sText":"1"},"881":{"nParent":187,"sClass":"BitWidth","aElements":[879,880],"nPos":10},"882":{"nParent":884,"sClass":"ViewPath","bIsMovable":false,"nX":0,"nY":0,"sPath":"M-2,5l4,-10"},"883":{"nParent":884,"sClass":"NameText","bIsMovable":false,"nX":5,"nY":-10,"sText":"16"},"884":{"nParent":420,"sClass":"BitWidth","aElements":[882,883],"nPos":485},"885":{"nParent":887,"sClass":"ViewPath","bIsMovable":false,"nX":0,"nY":0,"sPath":"M-2,5l4,-10"},"886":{"nParent":887,"sClass":"NameText","bIsMovable":false,"nX":5,"nY":-10,"sText":"1"},"887":{"nParent":140,"sClass":"BitWidth","aElements":[885,886],"nPos":65},"888":{"nParent":890,"sClass":"ViewPath","bIsMovable":false,"nX":0,"nY":0,"sPath":"M-2,5l4,-10"},"889":{"nParent":890,"sClass":"NameText","bIsMovable":false,"nX":5,"nY":-10,"sText":"1"},"890":{"nParent":143,"sClass":"BitWidth","aElements":[888,889],"nPos":20},"891":{"nParent":893,"sClass":"ViewPath","bIsMovable":false,"nX":0,"nY":0,"sPath":"M-2,5l4,-10"},"892":{"nParent":893,"sClass":"NameText","bIsMovable":false,"nX":5,"nY":-10,"sText":"1"},"893":{"nParent":144,"sClass":"BitWidth","aElements":[891,892],"nPos":15},"894":{"nParent":896,"sClass":"ViewPath","bIsMovable":false,"nX":0,"nY":0,"sPath":"M-2,5l4,-10"},"895":{"nParent":896,"sClass":"NameText","bIsMovable":false,"nX":5,"nY":-10,"sText":"1"},"896":{"nParent":142,"sClass":"BitWidth","aElements":[894,895],"nPos":90},"897":{"nParent":899,"sClass":"ViewPath","bIsMovable":false,"nX":0,"nY":0,"sPath":"M-2,5l4,-10"},"898":{"nParent":899,"sClass":"NameText","bIsMovable":false,"nX":5,"nY":-10,"sText":"1"},"899":{"nParent":118,"sClass":"BitWidth","aElements":[897,898],"nPos":10},"900":{"nParent":902,"sClass":"ViewPath","bIsMovable":false,"nX":0,"nY":0,"sPath":"M-2,5l4,-10"},"901":{"nParent":902,"sClass":"NameText","bIsMovable":false,"nX":5,"nY":-10,"sText":"1"},"902":{"nParent":477,"sClass":"BitWidth","aElements":[900,901],"nPos":10},"903":{"nParent":905,"sClass":"ViewPath","bIsMovable":false,"nX":0,"nY":0,"sPath":"M-2,5l4,-10"},"904":{"nParent":905,"sClass":"NameText","bIsMovable":false,"nX":5,"nY":-10,"sText":"1"},"905":{"nParent":351,"sClass":"BitWidth","aElements":[903,904],"nPos":140},"906":{"nParent":908,"sClass":"ViewPath","bIsMovable":false,"nX":0,"nY":0,"sPath":"M-2,5l4,-10"},"907":{"nParent":908,"sClass":"NameText","bIsMovable":false,"nX":5,"nY":-10,"sText":"1"},"908":{"nParent":91,"sClass":"BitWidth","aElements":[906,907],"nPos":10},"909":{"nParent":911,"sClass":"ViewPath","bIsMovable":false,"nX":0,"nY":0,"sPath":"M-2,5l4,-10"},"910":{"nParent":911,"sClass":"NameText","bIsMovable":false,"nX":5,"nY":-10,"sText":"1"},"911":{"nParent":90,"sClass":"BitWidth","aElements":[909,910],"nPos":5},"912":{"nParent":914,"sClass":"ViewPath","bIsMovable":false,"nX":0,"nY":0,"sPath":"M-2,5l4,-10"},"913":{"nParent":914,"sClass":"NameText","bIsMovable":false,"nX":5,"nY":-10,"sText":"1"},"914":{"nParent":355,"sClass":"BitWidth","aElements":[912,913],"nPos":45},"915":{"nParent":917,"sClass":"ViewPath","bIsMovable":false,"nX":0,"nY":0,"sPath":"M-2,5l4,-10"},"916":{"nParent":917,"sClass":"NameText","bIsMovable":false,"nX":5,"nY":-10,"sText":"1"},"917":{"nParent":153,"sClass":"BitWidth","aElements":[915,916],"nPos":45},"918":{"nParent":920,"sClass":"ViewPath","bIsMovable":false,"nX":0,"nY":0,"sPath":"M-2,5l4,-10"},"919":{"nParent":920,"sClass":"NameText","bIsMovable":false,"nX":5,"nY":-10,"sText":"1"},"920":{"nParent":52,"sClass":"BitWidth","aElements":[918,919],"nPos":20},"921":{"nParent":923,"sClass":"ViewPath","bIsMovable":false,"nX":0,"nY":0,"sPath":"M-2,5l4,-10"},"922":{"nParent":923,"sClass":"NameText","bIsMovable":false,"nX":5,"nY":-10,"sText":"16"},"923":{"nParent":422,"sClass":"BitWidth","aElements":[921,922],"nPos":20},"924":{"nParent":926,"sClass":"ViewPath","bIsMovable":false,"nX":0,"nY":0,"sPath":"M-2,5l4,-10"},"925":{"nParent":926,"sClass":"NameText","bIsMovable":false,"nX":5,"nY":-10,"sText":"16"},"926":{"nParent":548,"sClass":"BitWidth","aElements":[924,925],"nPos":120},"927":{"nParent":929,"sClass":"ViewPath","bIsMovable":false,"nX":0,"nY":0,"sPath":"M-2,5l4,-10"},"928":{"nParent":929,"sClass":"NameText","bIsMovable":false,"nX":5,"nY":-10,"sText":"16"},"929":{"nParent":320,"sClass":"BitWidth","aElements":[927,928],"nPos":5},"930":{"nParent":932,"sClass":"ViewPath","bIsMovable":false,"nX":0,"nY":0,"sPath":"M-2,5l4,-10"},"931":{"nParent":932,"sClass":"NameText","bIsMovable":false,"nX":5,"nY":-10,"sText":"16"},"932":{"nParent":565,"sClass":"BitWidth","aElements":[930,931],"nPos":5},"933":{"nParent":935,"sClass":"ViewPath","bIsMovable":false,"nX":0,"nY":0,"sPath":"M-2,5l4,-10"},"934":{"nParent":935,"sClass":"NameText","bIsMovable":false,"nX":5,"nY":-10,"sText":"16"},"935":{"nParent":424,"sClass":"BitWidth","aElements":[933,934],"nPos":10},"936":{"nParent":168,"sClass":"NameText","bIsMovable":true,"nX":20,"nY":-10,"sText":"out[0..14]"},"937":{"nParent":939,"sClass":"ViewPath","bIsMovable":false,"nX":0,"nY":0,"sPath":"M-2,5l4,-10"},"938":{"nParent":939,"sClass":"NameText","bIsMovable":false,"nX":5,"nY":-10,"sText":"15"},"939":{"nParent":168,"sClass":"BitWidth","aElements":[937,938],"nPos":75},"940":{"nParent":942,"sClass":"ViewPath","bIsMovable":false,"nX":0,"nY":0,"sPath":"M-2,5l4,-10"},"941":{"nParent":942,"sClass":"NameText","bIsMovable":false,"nX":5,"nY":-10,"sText":"16"},"942":{"nParent":487,"sClass":"BitWidth","aElements":[940,941],"nPos":85},"943":{"nParent":945,"sClass":"ViewPath","bIsMovable":false,"nX":0,"nY":0,"sPath":"M-2,5l4,-10"},"944":{"nParent":945,"sClass":"NameText","bIsMovable":false,"nX":5,"nY":-10,"sText":"16"},"945":{"nParent":176,"sClass":"BitWidth","aElements":[943,944],"nPos":15},"946":{"nParent":948,"sClass":"ViewPath","bIsMovable":false,"nX":0,"nY":0,"sPath":"M-2,5l4,-10"},"947":{"nParent":948,"sClass":"NameText","bIsMovable":false,"nX":5,"nY":-10,"sText":"16"},"948":{"nParent":580,"sClass":"BitWidth","aElements":[946,947],"nPos":60},"949":{"nParent":951,"sClass":"ViewPath","bIsMovable":false,"nX":0,"nY":0,"sPath":"M-2,5l4,-10"},"950":{"nParent":951,"sClass":"NameText","bIsMovable":false,"nX":5,"nY":-10,"sText":"16"},"951":{"nParent":626,"sClass":"BitWidth","aElements":[949,950],"nPos":20},"952":{"nParent":954,"sClass":"ViewPath","bIsMovable":false,"nX":0,"nY":0,"sPath":"M-2,5l4,-10"},"953":{"nParent":954,"sClass":"NameText","bIsMovable":false,"nX":5,"nY":-10,"sText":"16"},"954":{"nParent":326,"sClass":"BitWidth","aElements":[952,953],"nPos":30},"955":{"nParent":957,"sClass":"ViewPath","bIsMovable":false,"nX":0,"nY":0,"sPath":"M-2,5l4,-10"},"956":{"nParent":957,"sClass":"NameText","bIsMovable":false,"nX":5,"nY":-10,"sText":"1"},"957":{"nParent":634,"sClass":"BitWidth","aElements":[955,956],"nPos":35},"958":{"nParent":960,"sClass":"ViewPath","bIsMovable":false,"nX":0,"nY":0,"sPath":"M-2,5l4,-10"},"959":{"nParent":960,"sClass":"NameText","bIsMovable":false,"nX":5,"nY":-10,"sText":"1"},"960":{"nParent":637,"sClass":"BitWidth","aElements":[958,959],"nPos":25},"961":{"nParent":963,"sClass":"ViewPath","bIsMovable":false,"nX":0,"nY":0,"sPath":"M-2,5l4,-10"},"962":{"nParent":963,"sClass":"NameText","bIsMovable":false,"nX":5,"nY":-10,"sText":"1"},"963":{"nParent":681,"sClass":"BitWidth","aElements":[961,962],"nPos":60},"964":{"nParent":966,"sClass":"ViewPath","bIsMovable":false,"nX":0,"nY":0,"sPath":"M-2,5l4,-10"},"965":{"nParent":966,"sClass":"NameText","bIsMovable":false,"nX":5,"nY":-10,"sText":"1"},"966":{"nParent":679,"sClass":"BitWidth","aElements":[964,965],"nPos":20},"967":{"nParent":969,"sClass":"ViewPath","bIsMovable":false,"nX":0,"nY":0,"sPath":"M-2,5l4,-10"},"968":{"nParent":969,"sClass":"NameText","bIsMovable":false,"nX":5,"nY":-10,"sText":"1"},"969":{"nParent":674,"sClass":"BitWidth","aElements":[967,968],"nPos":25},"970":{"nParent":972,"sClass":"ViewPath","bIsMovable":false,"nX":0,"nY":0,"sPath":"M-2,5l4,-10"},"971":{"nParent":972,"sClass":"NameText","bIsMovable":false,"nX":5,"nY":-10,"sText":"1"},"972":{"nParent":671,"sClass":"BitWidth","aElements":[970,971],"nPos":35},"973":{"nParent":975,"sClass":"ViewPath","bIsMovable":false,"nX":0,"nY":0,"sPath":"M-2,5l4,-10"},"974":{"nParent":975,"sClass":"NameText","bIsMovable":false,"nX":5,"nY":-10,"sText":"1"},"975":{"nParent":725,"sClass":"BitWidth","aElements":[973,974],"nPos":25},"976":{"nParent":978,"sClass":"ViewPath","bIsMovable":false,"nX":0,"nY":0,"sPath":"M-2,5l4,-10"},"977":{"nParent":978,"sClass":"NameText","bIsMovable":false,"nX":5,"nY":-10,"sText":"1"},"978":{"nParent":722,"sClass":"BitWidth","aElements":[976,977],"nPos":25},"979":{"nParent":981,"sClass":"ViewPath","bIsMovable":false,"nX":0,"nY":0,"sPath":"M-2,5l4,-10"},"980":{"nParent":981,"sClass":"NameText","bIsMovable":false,"nX":5,"nY":-10,"sText":"1"},"981":{"nParent":738,"sClass":"BitWidth","aElements":[979,980],"nPos":10},"982":{"nParent":984,"sClass":"ViewPath","bIsMovable":false,"nX":0,"nY":0,"sPath":"M-2,5l4,-10"},"983":{"nParent":984,"sClass":"NameText","bIsMovable":false,"nX":5,"nY":-10,"sText":"1"},"984":{"nParent":758,"sClass":"BitWidth","aElements":[982,983],"nPos":35},"985":{"nParent":987,"sClass":"ViewPath","bIsMovable":false,"nX":0,"nY":0,"sPath":"M-2,5l4,-10"},"986":{"nParent":987,"sClass":"NameText","bIsMovable":false,"nX":5,"nY":-10,"sText":"1"},"987":{"nParent":739,"sClass":"BitWidth","aElements":[985,986],"nPos":15},"988":{"nParent":990,"sClass":"ViewPath","bIsMovable":false,"nX":0,"nY":0,"sPath":"M-2,5l4,-10"},"989":{"nParent":990,"sClass":"NameText","bIsMovable":false,"nX":5,"nY":-10,"sText":"1"},"990":{"nParent":760,"sClass":"BitWidth","aElements":[988,989],"nPos":15},"991":{"nParent":993,"sClass":"ViewPath","bIsMovable":false,"nX":0,"nY":0,"sPath":"M-2,5l4,-10"},"992":{"nParent":993,"sClass":"NameText","bIsMovable":false,"nX":5,"nY":-10,"sText":"1"},"993":{"nParent":769,"sClass":"BitWidth","aElements":[991,992],"nPos":35},"994":{"nParent":996,"sClass":"ViewPath","bIsMovable":false,"nX":0,"nY":0,"sPath":"M-2,5l4,-10"},"995":{"nParent":996,"sClass":"NameText","bIsMovable":false,"nX":5,"nY":-10,"sText":"1"},"996":{"nParent":781,"sClass":"BitWidth","aElements":[994,995],"nPos":175},"997":{"nParent":999,"sClass":"ViewPath","bIsMovable":false,"nX":0,"nY":0,"sPath":"M-2,5l4,-10"},"998":{"nParent":999,"sClass":"NameText","bIsMovable":false,"nX":5,"nY":-10,"sText":"16"},"999":{"nParent":797,"sClass":"BitWidth","aElements":[997,998],"nPos":10},"1000":{"nParent":800,"sClass":"NameText","bIsMovable":true,"nX":5,"nY":-25,"sText":"Out[0..14]"},"1001":{"nParent":1003,"sClass":"ViewPath","bIsMovable":false,"nX":0,"nY":0,"sPath":"M-2,5l4,-10"},"1002":{"nParent":1003,"sClass":"NameText","bIsMovable":false,"nX":5,"nY":-10,"sText":"15"},"1003":{"nParent":800,"sClass":"BitWidth","aElements":[1001,1002],"nPos":20},"1004":{"nParent":804,"sClass":"NameText","bIsMovable":true,"nX":25,"nY":-15,"sText":"Out[15]"},"1005":{"nParent":1007,"sClass":"ViewPath","bIsMovable":false,"nX":0,"nY":0,"sPath":"M-2,5l4,-10"},"1006":{"nParent":1007,"sClass":"NameText","bIsMovable":false,"nX":5,"nY":-10,"sText":"1"},"1007":{"nParent":804,"sClass":"BitWidth","aElements":[1005,1006],"nPos":15},"1008":{"nParent":788,"sClass":"NameText","bIsMovable":true,"nX":-15,"nY":-50,"sText":"inc"},"1009":{"nParent":782,"sClass":"NameText","bIsMovable":true,"nX":-15,"nY":-290,"sText":"load"},"1010":{"nParent":793,"sClass":"NameText","bIsMovable":true,"nX":-20,"nY":10,"sText":"reset"},"1011":{"nParent":487,"sClass":"NameText","bIsMovable":true,"nX":540,"nY":-10,"sText":"in"},"1012":{"nParent":797,"sClass":"NameText","bIsMovable":true,"nX":30,"nY":-10,"sText":"out"},"1013":{"nParent":585,"sClass":"NameText","bIsMovable":true,"nX":30,"nY":0,"sText":"y"},"1014":{"nParent":574,"sClass":"NameText","bIsMovable":true,"nX":40,"nY":0,"sText":"x"},"1015":{"nParent":588,"sClass":"NameText","bIsMovable":true,"nX":10,"nY":10,"sText":"zx"},"1017":{"nParent":599,"sClass":"NameText","bIsMovable":true,"nX":10,"nY":10,"sText":"no"},"1018":{"sClass":"WirePoint","bIsMovable":true,"nX":520,"nY":640},"1019":{"sClass":"WireLine","nPoint1":601,"nPoint2":1018},"1020":{"sClass":"WireLine","nPoint1":1018,"nPoint2":587},"1021":{"nParent":1019,"sClass":"NameText","bIsMovable":true,"nX":10,"nY":-40,"sText":"nx"},"1022":{"sClass":"WireLine","nPoint1":1018,"nPoint2":591},"1023":{"nParent":1020,"sClass":"NameText","bIsMovable":true,"nX":10,"nY":-20,"sText":"zy"},"1024":{"nParent":1022,"sClass":"NameText","bIsMovable":true,"nX":10,"nY":-10,"sText":"ny"},"1025":{"nParent":197,"sClass":"NameText","bIsMovable":true,"nX":10,"nY":70,"sText":"f"},"1026":{"nParent":619,"sClass":"NameText","bIsMovable":true,"nX":-15,"nY":20,"sText":"Out"},"1027":{"nParent":634,"sClass":"NameText","bIsMovable":true,"nX":-15,"nY":0,"sText":"ng"},"1028":{"nParent":637,"sClass":"NameText","bIsMovable":true,"nX":-15,"nY":0,"sText":"zr"}},"aChips":[]}