{"oElements":{"0":{"sClass":"WirePoint","bIsMovable":true,"nX":290,"nY":660},"1":{"sClass":"WirePoint","bIsMovable":true,"nX":290,"nY":480},"2":{"sClass":"WireLine","nPoint1":0,"nPoint2":1},"3":{"sClass":"WirePoint","bIsMovable":true,"nX":290,"nY":480},"8":{"sClass":"WirePoint","bIsMovable":true,"nX":370,"nY":480},"9":{"sClass":"WireLine","nPoint1":3,"nPoint2":8},"10":{"sClass":"WirePoint","bIsMovable":true,"nX":290,"nY":480},"11":{"sClass":"WireLine","nPoint1":8,"nPoint2":10},"13":{"sClass":"WirePoint","bIsMovable":true,"nX":370,"nY":660},"14":{"sClass":"WireLine","nPoint1":0,"nPoint2":13},"17":{"nParent":14,"sClass":"NameText","bIsMovable":true,"nX":40,"nY":-10,"sText":"DMux4Way"},"31":{"sClass":"WirePoint","bIsMovable":true,"nX":370,"nY":490},"33":{"sClass":"WireLine","nPoint1":31,"nPoint2":8},"34":{"sClass":"WirePoint","bIsMovable":true,"nX":410,"nY":490},"35":{"sClass":"WireLine","nPoint1":31,"nPoint2":34},"45":{"sClass":"WirePoint","bIsMovable":true,"nX":370,"nY":530},"46":{"sClass":"WireLine","nPoint1":13,"nPoint2":45},"47":{"sClass":"WireLine","nPoint1":45,"nPoint2":31},"48":{"sClass":"WirePoint","bIsMovable":true,"nX":410,"nY":530},"49":{"sClass":"WireLine","nPoint1":45,"nPoint2":48},"50":{"sClass":"WirePoint","bIsMovable":true,"nX":370,"nY":570},"51":{"sClass":"WirePoint","bIsMovable":true,"nX":410,"nY":570},"52":{"sClass":"WireLine","nPoint1":50,"nPoint2":51},"53":{"sClass":"WirePoint","bIsMovable":true,"nX":370,"nY":610},"54":{"sClass":"WirePoint","bIsMovable":true,"nX":410,"nY":610},"55":{"sClass":"WireLine","nPoint1":53,"nPoint2":54},"57":{"nParent":35,"sClass":"NameText","bIsMovable":true,"nX":20,"nY":-10,"sText":"ram"},"58":{"sClass":"ChipNameText","bIsMovable":true,"nX":520,"nY":215,"sText":"Memory"},"59":{"nParent":49,"sClass":"NameText","bIsMovable":true,"nX":20,"nY":-10,"sText":"ram2"},"60":{"nParent":52,"sClass":"NameText","bIsMovable":true,"nX":20,"nY":-10,"sText":"screen"},"61":{"nParent":55,"sClass":"NameText","bIsMovable":true,"nX":30,"nY":-10,"sText":"keyboard"},"62":{"sClass":"WirePoint","bIsMovable":true,"nX":570,"nY":470},"63":{"sClass":"WirePoint","bIsMovable":true,"nX":570,"nY":550},"65":{"sClass":"WirePoint","bIsMovable":true,"nX":640,"nY":550},"66":{"sClass":"WireLine","nPoint1":63,"nPoint2":65},"67":{"sClass":"WirePoint","bIsMovable":true,"nX":640,"nY":470},"69":{"sClass":"WireLine","nPoint1":67,"nPoint2":62},"72":{"sClass":"WirePoint","bIsMovable":true,"nX":710,"nY":470},"73":{"sClass":"WirePoint","bIsMovable":true,"nX":710,"nY":550},"74":{"sClass":"WireLine","nPoint1":72,"nPoint2":73},"75":{"sClass":"WirePoint","bIsMovable":true,"nX":780,"nY":550},"76":{"sClass":"WireLine","nPoint1":73,"nPoint2":75},"77":{"sClass":"WirePoint","bIsMovable":true,"nX":780,"nY":470},"78":{"sClass":"WireLine","nPoint1":75,"nPoint2":77},"79":{"sClass":"WireLine","nPoint1":77,"nPoint2":72},"80":{"nParent":66,"sClass":"NameText","bIsMovable":true,"nX":30,"nY":-10,"sText":"Screen"},"81":{"nParent":76,"sClass":"NameText","bIsMovable":true,"nX":30,"nY":-10,"sText":"Keyboard"},"82":{"sClass":"WirePoint","bIsMovable":true,"nX":930,"nY":400},"83":{"sClass":"WirePoint","bIsMovable":true,"nX":870,"nY":400},"84":{"sClass":"WireLine","nPoint1":82,"nPoint2":83},"85":{"sClass":"WirePoint","bIsMovable":true,"nX":870,"nY":290},"87":{"sClass":"WirePoint","bIsMovable":true,"nX":930,"nY":290},"89":{"sClass":"WireLine","nPoint1":87,"nPoint2":82},"90":{"nParent":84,"sClass":"NameText","bIsMovable":true,"nX":-30,"nY":-10,"sText":"Mux4Way16"},"91":{"sClass":"WirePoint","bIsMovable":true,"nX":400,"nY":390},"92":{"sClass":"WirePoint","bIsMovable":true,"nX":540,"nY":390},"93":{"sClass":"WireLine","nPoint1":91,"nPoint2":92},"94":{"sClass":"WirePoint","bIsMovable":true,"nX":540,"nY":340},"95":{"sClass":"WireLine","nPoint1":92,"nPoint2":94},"96":{"sClass":"WirePoint","bIsMovable":true,"nX":400,"nY":340},"97":{"sClass":"WireLine","nPoint1":94,"nPoint2":96},"99":{"nParent":93,"sClass":"NameText","bIsMovable":true,"nX":80,"nY":-10,"sText":"RAM16K"},"107":{"sClass":"WirePoint","bIsMovable":true,"nX":540,"nY":360},"108":{"sClass":"WirePoint","bIsMovable":true,"nX":710,"nY":350},"109":{"sClass":"WirePoint","bIsMovable":true,"nX":540,"nY":350},"110":{"sClass":"WireLine","nPoint1":107,"nPoint2":109},"111":{"sClass":"WireLine","nPoint1":109,"nPoint2":108},"112":{"sClass":"WirePoint","bIsMovable":true,"nX":870,"nY":310},"113":{"sClass":"WirePoint","bIsMovable":true,"nX":710,"nY":310},"114":{"sClass":"WireLine","nPoint1":108,"nPoint2":113},"115":{"sClass":"WireLine","nPoint1":113,"nPoint2":112},"116":{"sClass":"WirePoint","bIsMovable":true,"nX":830,"nY":310},"117":{"sClass":"WireLine","nPoint1":112,"nPoint2":116},"118":{"sClass":"WirePoint","bIsMovable":true,"nX":870,"nY":340},"119":{"sClass":"WirePoint","bIsMovable":true,"nX":830,"nY":340},"120":{"sClass":"WireLine","nPoint1":116,"nPoint2":119},"121":{"sClass":"WireLine","nPoint1":119,"nPoint2":118},"123":{"nParent":111,"sClass":"NameText","bIsMovable":true,"nX":25,"nY":-10,"sText":"r"},"124":{"nParent":117,"sClass":"NameText","bIsMovable":true,"nX":-10,"nY":-10,"sText":"a"},"125":{"nParent":121,"sClass":"NameText","bIsMovable":true,"nX":30,"nY":-15,"sText":"b"},"126":{"sClass":"OutputPort","bIsMovable":true,"nX":1030,"nY":350},"127":{"nParent":126,"sClass":"NameText","bIsMovable":true,"nX":0,"nY":-10,"sText":"out"},"128":{"sClass":"WirePoint","bIsMovable":true,"nX":930,"nY":350},"129":{"sClass":"WireLine","nPoint1":128,"nPoint2":126},"130":{"sClass":"InputPort","bIsMovable":true,"nX":200,"nY":270},"131":{"nParent":130,"sClass":"NameText","bIsMovable":true,"nX":0,"nY":-10,"sText":"address"},"135":{"sClass":"WirePoint","bIsMovable":true,"nX":290,"nY":610},"137":{"sClass":"WireLine","nPoint1":135,"nPoint2":0},"139":{"sClass":"InputPort","bIsMovable":true,"nX":170,"nY":610},"140":{"nParent":139,"sClass":"NameText","bIsMovable":true,"nX":0,"nY":-10,"sText":"load"},"141":{"sClass":"WirePoint","bIsMovable":true,"nX":290,"nY":610},"149":{"sClass":"WirePoint","bIsMovable":true,"nX":200,"nY":550},"152":{"sClass":"WirePoint","bIsMovable":true,"nX":290,"nY":550},"153":{"sClass":"WireLine","nPoint1":10,"nPoint2":152},"154":{"sClass":"WireLine","nPoint1":152,"nPoint2":135},"155":{"sClass":"WireLine","nPoint1":149,"nPoint2":152},"156":{"nParent":155,"sClass":"NameText","bIsMovable":true,"nX":45,"nY":15,"sText":"address[13..14]"},"157":{"nParent":159,"sClass":"ViewPath","bIsMovable":false,"nX":0,"nY":0,"sPath":"M-2,5l4,-10"},"158":{"nParent":159,"sClass":"NameText","bIsMovable":false,"nX":5,"nY":-10,"sText":"2"},"159":{"nParent":155,"sClass":"BitWidth","aElements":[157,158],"nPos":35},"160":{"sClass":"WireLine","nPoint1":139,"nPoint2":141},"161":{"nParent":160,"sClass":"NameText","bIsMovable":true,"nX":40,"nY":-10,"sText":"in"},"162":{"nParent":164,"sClass":"ViewPath","bIsMovable":false,"nX":0,"nY":0,"sPath":"M-2,5l4,-10"},"163":{"nParent":164,"sClass":"NameText","bIsMovable":false,"nX":5,"nY":-10,"sText":"1"},"164":{"nParent":160,"sClass":"BitWidth","aElements":[162,163],"nPos":20},"175":{"sClass":"InputPort","bIsMovable":true,"nX":260,"nY":270},"176":{"nParent":175,"sClass":"NameText","bIsMovable":true,"nX":0,"nY":-10,"sText":"in"},"183":{"nParent":188,"sClass":"ViewPath","bIsMovable":false,"nX":0,"nY":0,"sPath":"M0,10h15M0,50h15M20,30q0,-15,-10,-30q40,0,60,30h10h-10q-20,30,-60,30q10,-15,10,-30z"},"184":{"nParent":188,"sClass":"InputPort","bIsMovable":false,"nX":0,"nY":10},"185":{"nParent":188,"sClass":"InputPort","bIsMovable":false,"nX":0,"nY":50},"186":{"nParent":188,"sClass":"OutputPort","bIsMovable":false,"nX":80,"nY":30},"187":{"nParent":188,"sClass":"NameText","bIsMovable":false,"nX":40,"nY":30,"sText":"Or"},"188":{"sClass":"OrChip","aElements":[183,184,185,186,187],"nX":410,"nY":480},"189":{"sClass":"WirePoint","bIsMovable":true,"nX":490,"nY":390},"190":{"sClass":"WireLine","nPoint1":186,"nPoint2":189},"191":{"nParent":190,"sClass":"NameText","bIsMovable":true,"nX":15,"nY":-110,"sText":"load"},"192":{"sClass":"WirePoint","bIsMovable":true,"nX":260,"nY":460},"193":{"sClass":"WireLine","nPoint1":175,"nPoint2":192},"200":{"sClass":"WirePoint","bIsMovable":true,"nX":540,"nY":460},"201":{"sClass":"WireLine","nPoint1":192,"nPoint2":200},"221":{"sClass":"WirePoint","bIsMovable":true,"nX":540,"nY":460},"228":{"sClass":"WirePoint","bIsMovable":true,"nX":570,"nY":490},"229":{"sClass":"WireLine","nPoint1":62,"nPoint2":228},"231":{"sClass":"WirePoint","bIsMovable":true,"nX":540,"nY":490},"232":{"sClass":"WireLine","nPoint1":228,"nPoint2":231},"233":{"sClass":"WireLine","nPoint1":231,"nPoint2":221},"234":{"sClass":"WirePoint","bIsMovable":true,"nX":200,"nY":420},"236":{"sClass":"WireLine","nPoint1":234,"nPoint2":149},"241":{"sClass":"WirePoint","bIsMovable":true,"nX":200,"nY":420},"242":{"sClass":"WirePoint","bIsMovable":true,"nX":520,"nY":430},"243":{"sClass":"WirePoint","bIsMovable":true,"nX":200,"nY":430},"244":{"sClass":"WireLine","nPoint1":241,"nPoint2":243},"245":{"sClass":"WireLine","nPoint1":243,"nPoint2":242},"247":{"sClass":"WirePoint","bIsMovable":true,"nX":530,"nY":510},"248":{"sClass":"WirePoint","bIsMovable":true,"nX":530,"nY":430},"249":{"sClass":"WireLine","nPoint1":242,"nPoint2":248},"250":{"sClass":"WireLine","nPoint1":248,"nPoint2":247},"252":{"sClass":"WirePoint","bIsMovable":true,"nX":570,"nY":510},"253":{"sClass":"WireLine","nPoint1":228,"nPoint2":252},"255":{"sClass":"WireLine","nPoint1":247,"nPoint2":252},"256":{"nParent":245,"sClass":"NameText","bIsMovable":true,"nX":130,"nY":-10,"sText":"address[0..12]"},"257":{"nParent":259,"sClass":"ViewPath","bIsMovable":false,"nX":0,"nY":0,"sPath":"M-2,5l4,-10"},"258":{"nParent":259,"sClass":"NameText","bIsMovable":false,"nX":5,"nY":-10,"sText":"13"},"259":{"nParent":245,"sClass":"BitWidth","aElements":[257,258],"nPos":225},"260":{"nParent":255,"sClass":"NameText","bIsMovable":true,"nX":15,"nY":10,"sText":"address"},"261":{"nParent":232,"sClass":"NameText","bIsMovable":true,"nX":-20,"nY":-10,"sText":"in"},"268":{"sClass":"WirePoint","bIsMovable":true,"nX":520,"nY":570},"269":{"sClass":"WireLine","nPoint1":51,"nPoint2":268},"275":{"sClass":"WirePoint","bIsMovable":true,"nX":570,"nY":540},"276":{"sClass":"WireLine","nPoint1":252,"nPoint2":275},"277":{"sClass":"WireLine","nPoint1":275,"nPoint2":63},"278":{"sClass":"WirePoint","bIsMovable":true,"nX":520,"nY":540},"279":{"sClass":"WireLine","nPoint1":268,"nPoint2":278},"280":{"sClass":"WireLine","nPoint1":278,"nPoint2":275},"281":{"nParent":280,"sClass":"NameText","bIsMovable":true,"nX":25,"nY":10,"sText":"load"},"282":{"sClass":"WirePoint","bIsMovable":true,"nX":640,"nY":490},"283":{"sClass":"WireLine","nPoint1":65,"nPoint2":282},"284":{"sClass":"WireLine","nPoint1":282,"nPoint2":67},"285":{"sClass":"WirePoint","bIsMovable":true,"nX":680,"nY":370},"286":{"sClass":"WirePoint","bIsMovable":true,"nX":680,"nY":490},"287":{"sClass":"WireLine","nPoint1":282,"nPoint2":286},"289":{"sClass":"WirePoint","bIsMovable":true,"nX":680,"nY":370},"290":{"sClass":"WireLine","nPoint1":286,"nPoint2":289},"291":{"sClass":"WireLine","nPoint1":289,"nPoint2":285},"298":{"sClass":"WirePoint","bIsMovable":true,"nX":870,"nY":370},"299":{"sClass":"WireLine","nPoint1":83,"nPoint2":298},"300":{"sClass":"WireLine","nPoint1":298,"nPoint2":85},"301":{"sClass":"WireLine","nPoint1":289,"nPoint2":298},"308":{"sClass":"WirePoint","bIsMovable":true,"nX":750,"nY":470},"309":{"sClass":"WirePoint","bIsMovable":true,"nX":750,"nY":390},"310":{"sClass":"WireLine","nPoint1":308,"nPoint2":309},"311":{"sClass":"WirePoint","bIsMovable":true,"nX":870,"nY":390},"312":{"sClass":"WireLine","nPoint1":309,"nPoint2":311},"313":{"nParent":315,"sClass":"ViewPath","bIsMovable":false,"nX":0,"nY":0,"sPath":"M-2,5l4,-10"},"314":{"nParent":315,"sClass":"NameText","bIsMovable":false,"nX":5,"nY":-10,"sText":"16"},"315":{"nParent":310,"sClass":"BitWidth","aElements":[313,314],"nPos":35},"316":{"nParent":318,"sClass":"ViewPath","bIsMovable":false,"nX":0,"nY":0,"sPath":"M-2,5l4,-10"},"317":{"nParent":318,"sClass":"NameText","bIsMovable":false,"nX":5,"nY":-10,"sText":"16"},"318":{"nParent":287,"sClass":"BitWidth","aElements":[316,317],"nPos":20},"319":{"nParent":321,"sClass":"ViewPath","bIsMovable":false,"nX":0,"nY":0,"sPath":"M-2,5l4,-10"},"320":{"nParent":321,"sClass":"NameText","bIsMovable":false,"nX":5,"nY":-10,"sText":"16"},"321":{"nParent":201,"sClass":"BitWidth","aElements":[319,320],"nPos":200},"322":{"nParent":324,"sClass":"ViewPath","bIsMovable":false,"nX":0,"nY":0,"sPath":"M-2,5l4,-10"},"323":{"nParent":324,"sClass":"NameText","bIsMovable":false,"nX":5,"nY":-10,"sText":"1"},"324":{"nParent":269,"sClass":"BitWidth","aElements":[322,323],"nPos":55},"331":{"nParent":333,"sClass":"ViewPath","bIsMovable":false,"nX":0,"nY":0,"sPath":"M-2,5l4,-10"},"332":{"nParent":333,"sClass":"NameText","bIsMovable":false,"nX":5,"nY":-10,"sText":"16"},"333":{"nParent":111,"sClass":"BitWidth","aElements":[331,332],"nPos":50},"334":{"nParent":336,"sClass":"ViewPath","bIsMovable":false,"nX":0,"nY":0,"sPath":"M-2,5l4,-10"},"335":{"nParent":336,"sClass":"NameText","bIsMovable":false,"nX":5,"nY":-10,"sText":"16"},"336":{"nParent":117,"sClass":"BitWidth","aElements":[334,335],"nPos":25},"337":{"nParent":339,"sClass":"ViewPath","bIsMovable":false,"nX":0,"nY":0,"sPath":"M-2,5l4,-10"},"338":{"nParent":339,"sClass":"NameText","bIsMovable":false,"nX":5,"nY":-10,"sText":"16"},"339":{"nParent":121,"sClass":"BitWidth","aElements":[337,338],"nPos":15},"340":{"nParent":342,"sClass":"ViewPath","bIsMovable":false,"nX":0,"nY":0,"sPath":"M-2,5l4,-10"},"341":{"nParent":342,"sClass":"NameText","bIsMovable":false,"nX":5,"nY":-10,"sText":"16"},"342":{"nParent":301,"sClass":"BitWidth","aElements":[340,341],"nPos":165},"343":{"nParent":345,"sClass":"ViewPath","bIsMovable":false,"nX":0,"nY":0,"sPath":"M-2,5l4,-10"},"344":{"nParent":345,"sClass":"NameText","bIsMovable":false,"nX":5,"nY":-10,"sText":"16"},"345":{"nParent":312,"sClass":"BitWidth","aElements":[343,344],"nPos":95},"346":{"nParent":348,"sClass":"ViewPath","bIsMovable":false,"nX":0,"nY":0,"sPath":"M-2,5l4,-10"},"347":{"nParent":348,"sClass":"NameText","bIsMovable":false,"nX":5,"nY":-10,"sText":"16"},"348":{"nParent":129,"sClass":"BitWidth","aElements":[346,347],"nPos":60},"349":{"nParent":301,"sClass":"NameText","bIsMovable":true,"nX":180,"nY":-10,"sText":"c"},"350":{"nParent":312,"sClass":"NameText","bIsMovable":true,"nX":110,"nY":-10,"sText":"d"},"357":{"sClass":"WirePoint","bIsMovable":true,"nX":200,"nY":290},"358":{"sClass":"WireLine","nPoint1":130,"nPoint2":357},"360":{"nParent":362,"sClass":"ViewPath","bIsMovable":false,"nX":0,"nY":0,"sPath":"M-2,5l4,-10"},"361":{"nParent":362,"sClass":"NameText","bIsMovable":false,"nX":5,"nY":-10,"sText":"15"},"362":{"nParent":358,"sClass":"BitWidth","aElements":[360,361],"nPos":70},"367":{"sClass":"WirePoint","bIsMovable":true,"nX":900,"nY":280},"368":{"sClass":"WirePoint","bIsMovable":true,"nX":200,"nY":280},"369":{"sClass":"WireLine","nPoint1":357,"nPoint2":368},"370":{"sClass":"WireLine","nPoint1":368,"nPoint2":367},"371":{"sClass":"WirePoint","bIsMovable":true,"nX":900,"nY":290},"372":{"sClass":"WireLine","nPoint1":85,"nPoint2":371},"373":{"sClass":"WireLine","nPoint1":371,"nPoint2":87},"374":{"sClass":"WireLine","nPoint1":367,"nPoint2":371},"375":{"nParent":374,"sClass":"NameText","bIsMovable":true,"nX":20,"nY":0,"sText":"sel"},"376":{"nParent":378,"sClass":"ViewPath","bIsMovable":false,"nX":0,"nY":0,"sPath":"M-2,5l4,-10"},"377":{"nParent":378,"sClass":"NameText","bIsMovable":false,"nX":5,"nY":-10,"sText":"2"},"378":{"nParent":370,"sClass":"BitWidth","aElements":[376,377],"nPos":685},"379":{"nParent":370,"sClass":"NameText","bIsMovable":true,"nX":570,"nY":-10,"sText":"address[13..14]"},"380":{"sClass":"WirePoint","bIsMovable":true,"nX":200,"nY":370},"381":{"sClass":"WireLine","nPoint1":357,"nPoint2":380},"382":{"sClass":"WireLine","nPoint1":380,"nPoint2":234},"383":{"sClass":"WirePoint","bIsMovable":true,"nX":400,"nY":360},"384":{"sClass":"WireLine","nPoint1":96,"nPoint2":383},"385":{"sClass":"WireLine","nPoint1":383,"nPoint2":91},"386":{"sClass":"WirePoint","bIsMovable":true,"nX":200,"nY":360},"387":{"sClass":"WireLine","nPoint1":380,"nPoint2":386},"388":{"sClass":"WireLine","nPoint1":386,"nPoint2":383},"389":{"nParent":391,"sClass":"ViewPath","bIsMovable":false,"nX":0,"nY":0,"sPath":"M-2,5l4,-10"},"390":{"nParent":391,"sClass":"NameText","bIsMovable":false,"nX":5,"nY":-10,"sText":"14"},"391":{"nParent":388,"sClass":"BitWidth","aElements":[389,390],"nPos":140},"392":{"nParent":388,"sClass":"NameText","bIsMovable":true,"nX":135,"nY":15,"sText":"address[0..13]"},"412":{"sClass":"WirePoint","bIsMovable":true,"nX":260,"nY":340},"414":{"sClass":"WireLine","nPoint1":412,"nPoint2":96},"415":{"nParent":417,"sClass":"ViewPath","bIsMovable":false,"nX":0,"nY":0,"sPath":"M-2,5l4,-10"},"416":{"nParent":417,"sClass":"NameText","bIsMovable":false,"nX":5,"nY":-10,"sText":"16"},"417":{"nParent":193,"sClass":"BitWidth","aElements":[415,416],"nPos":40},"418":{"nParent":414,"sClass":"NameText","bIsMovable":true,"nX":120,"nY":-10,"sText":"in"}},"aChips":[]}